<?xml version="1.0" encoding="UTF-8"?>
<themes>
	<theme name="monsterdex-box" ref="-defaults">
		<param name="background"><image>inner-area</image></param>
		<param name="border"><border>15,15</border></param>
		<param name="defaultGap"><dimension>5,5</dimension></param>
		<param name="smallGap"><dimension>8,8</dimension></param>
		<param name="mediumGap"><dimension>10,10</dimension></param>
		<param name="largeGap"><dimension>15,15</dimension></param>
		<param name="namedGaps"><map/></param>
	</theme>

	<theme name="monsterdex-button" ref="-defaults" allowWildcard="true">
		<param name="border"><border>1,3</border></param>
		<param name=""><image>ui-button.*</image></param>
		<param name="background"><image>ui-button.background-defaultdex</image></param>
		<param name="textAlignment"><enum type="alignment">BOTTOM</enum></param>
		<param name="font"><font>med-noshadow-18-white</font></param>
	</theme>
	<theme name="monsterdex-button-caught" ref="monsterdex-button" allowWildcard="true">
		<param name="background"><image>ui-button.background-blue</image></param>
	</theme>

  <theme name="monsterdex-button-caught-ot" ref="monsterdex-button" allowWildcard="true">
    <param name="background">
      <image>ui-button.background-green</image>
    </param>
  </theme>

  <theme name="monsterdex-button-evo-tree" ref="-defaults" allowWildcard="true">
    <param name="font">
      <font>symbols-white</font>
    </param>
    <param name="background">
      <image>none</image>
    </param>
    <param name="textAlignment">
      <enum type="alignment">CENTER</enum>
    </param>
  </theme>

  <theme name="button-return" ref="-defaults" allowWildcard="true">
    <param name="font">
      <font>med-noshadow-16-lightgray</font>
    </param>
    <param name="border">
      <border>44,0,0,0</border>
    </param>
    <param name="background">
      <image>mobile.battle.back.background</image>
    </param>
    <param name="textAlignment">
      <enum type="alignment">CENTER</enum>
    </param>
    <param name="minHeight">
      <int>116</int>
    </param>
    <param name="maxHeight">
      <int>116</int>
    </param>
    <param name="minWidth">
      <int>116</int>
    </param>
    <param name="maxWidth">
      <int>116</int>
    </param>
  </theme>

  <theme name="label-area-monsterdex" ref="-defaults">
    <param name="background">
      <image>none</image>
    </param>
    <param name="border">
      <border>0</border>
    </param>
    <param name="defaultGap">
      <dimension>5,5</dimension>
    </param>
    <param name="smallGap">
      <dimension>8,8</dimension>
    </param>
    <param name="mediumGap">
      <dimension>10,10</dimension>
    </param>
    <param name="largeGap">
      <dimension>15,15</dimension>
    </param>
    <param name="namedGaps">
      <map/>
    </param>
    <param name="minWidth">
      <int>550</int>
    </param>
    <param name="maxWidth">
      <int>550</int>
    </param>
    <param name="minHeight">
      <int>240</int>
    </param>
    <param name="spacing">
      <int>0</int>
    </param>
    <param name="alignment">
      <enum type="alignment">LEFT</enum>
    </param>

    <theme name="widget" ref="label" allowWildcard="true">
      <param name="background">
        <image>ui-header.background</image>
      </param>
      <param name="textAlignment">
        <enum type="alignment">RIGHT</enum>
      </param>
      <param name="border">
        <border>9,5,7,5</border>
      </param>
      <param name="minWidth">
        <int>150</int>
      </param>
      <param name="minHeight">
        <int>40</int>
      </param>
      <param name="font">
        <font>med-noshadow-18-white</font>
      </param>

      <theme name="progressbar-hp" ref="-defaults" allowWildcard="true">
        <param name="">
          <image>mi-hpbar-green.*</image>
        </param>
      </theme>
      <theme name="progressbar-attack" ref="-defaults" allowWildcard="true">
        <param name="">
          <image>mi-hpbar.*</image>
        </param>
      </theme>
      <theme name="progressbar-defense" ref="-defaults" allowWildcard="true">
        <param name="">
          <image>progressbar-orange.*</image>
        </param>
      </theme>
			<theme name="progressbar-spatk" ref="-defaults" allowWildcard="true">
				<param name=""><image>mi-hpbar-violet.*</image></param>
			</theme>
			<theme name="progressbar-spdef" ref="-defaults" allowWildcard="true">
				<param name=""><image>mi-hpbar-orange.*</image></param>
			</theme>
			<theme name="progressbar-speed" ref="-defaults" allowWildcard="true">
				<param name=""><image>mi-xpbar.*</image></param>
			</theme>
			<theme name="progressbar-total" ref="-defaults" allowWildcard="true">
				<param name=""><image>progressbar-white.*</image></param>
			</theme>
    </theme>

    <theme name="label" ref="label" allowWildcard="true">
      <param name="background">
        <image>ui-header.background</image>
      </param>
      <param name="textAlignment">
        <enum type="alignment">CENTER</enum>
      </param>
      <param name="border">
        <border>5</border>
      </param>
      <param name="minWidth">
        <int>250</int>
      </param>
      <param name="minHeight">
        <int>20</int>
      </param>
      <param name="font">
        <font>med-noshadow-18-white</font>
      </param>
    </theme>

    <theme name="boxlayout" ref="-defaults" allowWildcard="true">
      <param name="spacing">
        <int>6</int>
      </param>
      <param name="alignment">
        <enum type="alignment">LEFT</enum>
      </param>
      <param name="border">
        <border>5,0,0,0</border>
      </param>
      <param name="background">
        <image>none</image>
      </param>
    </theme>
  </theme>

	<!-- Monsterdex Frame -->
	<theme name="monsterdex-frame" ref="mobile-panel">
		<param name="background"><image>mobile.window.bottom.background.red</image></param>
		<param name="fadeDurationShow"><int>200</int></param>
		<param name="fadeDurationHide"><int>200</int></param>
		<param name="titleAreaTop"><int>15</int></param>
		<param name="titleAreaLeft"><int>15</int></param>
		<param name="titleAreaRight"><int>-1</int></param>
		<param name="titleAreaBottom"><int>50</int></param>
		<param name="closeButtonX"><int>-64</int></param>
		<param name="closeButtonY"><int>2</int></param>
		<theme name="title" ref="label" allowWildcard="true">
			<param name="font"><font>xlarge</font></param>
		</theme>
		<theme name="closeButton" ref="-defaults">
			<param name="background"><image>mobile.icons.close</image></param>
			<param name="minWidth"><int>60</int></param>
			<param name="minHeight"><int>60</int></param>
		</theme>

		<theme name="dialoglayout" ref="dialoglayout">
			<param name="background"><image>none</image></param>
			<param name="border"><border>40,20,5,0</border></param>
          <theme name="progressbar-blue" ref="-defaults" allowWildcard="true">
            <param name="">
              <image>mi-xpbar.*</image>
            </param>
            <param name="border">
              <border>0,0,0,0</border>
            </param>
            <param name="minWidth">
              <int>180</int>
            </param>
            <param name="minHeight">
              <int>16</int>
            </param>
            <param name="maxHeight">
              <int>16</int>
            </param>
            <param name="textAlignment">
              <enum type="alignment">CENTER</enum>
            </param>
          </theme>
          <theme name="progressbar-green" ref="-defaults" allowWildcard="true">
            <param name="">
              <image>mi-hpbar-green.*</image>
            </param>
            <param name="border">
              <border>0,0,0,0</border>
            </param>
            <param name="minWidth">
              <int>180</int>
            </param>
            <param name="minHeight">
              <int>16</int>
            </param>
            <param name="maxHeight">
              <int>16</int>
            </param>
            <param name="textAlignment">
              <enum type="alignment">CENTER</enum>
            </param>
          </theme>
          <theme name="progressbar-white" ref="-defaults" allowWildcard="true">
            <param name="">
              <image>progressbar-white.*</image>
            </param>
            <param name="border">
              <border>0,0,0,0</border>
            </param>
            <param name="minWidth">
              <int>180</int>
            </param>
            <param name="minHeight">
              <int>16</int>
            </param>
            <param name="maxHeight">
              <int>16</int>
            </param>
            <param name="textAlignment">
              <enum type="alignment">CENTER</enum>
            </param>
          </theme>
          <theme name="progressbar-pink" ref="-defaults" allowWildcard="true">
            <param name="">
              <image>mi-hpbar.*</image>
            </param>
            <param name="border">
              <border>0,0,0,0</border>
            </param>
            <param name="minWidth">
              <int>180</int>
            </param>
            <param name="minHeight">
              <int>16</int>
            </param>
            <param name="maxHeight">
              <int>16</int>
            </param>
            <param name="textAlignment">
              <enum type="alignment">CENTER</enum>
            </param>
          </theme>
          <theme name="togglebutton" ref="togglebutton" allowWildcard="true">
            <param name="border">
              <border>0,0,0,0</border>
            </param>
            <param name="minWidth">
              <int>20</int>
            </param>
            <param name="textAlignment">
              <enum type="alignment">CENTER</enum>
            </param>
          </theme>
          <theme name="label" ref="label" allowWildcard="true">
            <param name="font">
              <font>med-noshadow-18-white</font>
            </param>
          </theme>
          <theme name="combobox" ref="combobox" allowWildcard="true">
            <param name="border">
              <border>10,1</border>
            </param>
            <param name="minHeight">
              <int>40</int>
            </param>
            <param name="minWidth">
              <int>220</int>
            </param>
          </theme>
        </theme>
		<theme name="tabbedpane" ref="base-tabbed-pane">
			<param name="tabPosition"><enum type="tabposition">RIGHT</enum></param>
			<param name="background"><image>none</image></param>
			<param name="minWidth"><int>100</int></param>
			<param name="minHeight"><int>330</int></param>
			<param name="border"><border>0,0,0,0</border></param>
			<theme name="tabbox" ref="mobile-tabbox" overwrite="true"/>
			<theme name="container" ref="container">
				<param name="border"><border>10,9,8,5</border></param>
				 <theme name="dialoglayout" ref="dialoglayout">
					<param name="minWidth"><int>550</int></param>
					<param name="border"><border>0,0,0,5</border></param>
					<param name="defaultGap"><dimension>5,5</dimension></param>
					<param name="smallGap"><dimension>8,8</dimension></param>
					<param name="mediumGap"><dimension>10,10</dimension></param>
					<param name="largeGap"><dimension>15,15</dimension></param>
					<param name="namedGaps"><map/></param>
                   <theme name="scrollpane" ref="scrollpane" allowWildcard="true">
                     <theme name="vscrollbar" ref="vscrollbar-white"/>
                     <param name="minWidth">
                       <int>800</int>
                     </param>
                   </theme>
					<theme name="button" ref="button">
                      <param name="background">
                        <image>mobile.box.dark3.50</image>
                      </param>
					</theme>
				</theme>
			</theme>
			<param name="inputMap"><inputMapDef>
				<action name="nextTab">CTRL TAB</action>
				<action name="prevTab">CTRL SHIFT TAB</action>
			</inputMapDef></param>
		</theme>
	</theme>

	<!-- Background used for monster picture -->
	<theme name="monstergear-pic" ref="label" allowWildcard="true">
		<param name="background"><image>mobile.box.dark3.50</image></param>
		<param name="textAlignment"><enum type="alignment">top</enum></param>
		<param name="border"><border>15</border></param>
		<param name="font"><font>med-noshadow-16-white</font></param>
	</theme>

	<theme name="label-title-dex" ref="label" allowWildcard="true">
		<param name="background"><image>ui-header.background</image></param>
		<param name="border"><border>8</border></param>
		<param name="minWidth"><int>110</int></param>
		<param name="textAlignment"><enum type="alignment">CENTER</enum></param>
		<param name="font"><font>med-noshadow-18-white</font></param>
	</theme>

	<theme name="label-value-dex2" ref="label" allowWildcard="true">
		<param name="background"><image>mobile.box.dark3.50</image></param>
		<param name="textAlignment"><enum type="alignment">left</enum></param>
		<param name="border"><border>8</border></param>
      <param name="minWidth">
        <int>555</int>
      </param>
		<param name="font"><font>med-noshadow-18-white</font></param>
	</theme>

	<theme name="label-value-dex" ref="label" allowWildcard="true">
		<param name="background"><image>label-bg-value-dex</image></param>
		<param name="textAlignment"><enum type="alignment">left</enum></param>
		<param name="border"><border>8</border></param>
		<param name="minWidth"><int>208</int></param>
		<param name="font"><font>med-noshadow-18-white</font></param>
	</theme>

	<theme name="label-value-dex-long" ref="label" allowWildcard="true">
		<param name="background"><image>mobile.box.dark3.50</image></param>
		<param name="textAlignment"><enum type="alignment">left</enum></param>
		<param name="border"><border>8</border></param>
		<param name="minWidth"><int>466</int></param>
		<param name="font"><font>med-noshadow-18-white</font></param>
	</theme>

	<theme name="label-value-dex-small" ref="label" allowWildcard="true">
		<param name="background"><image>mobile.box.dark3.50</image></param>
		<param name="textAlignment"><enum type="alignment">center</enum></param>
		<param name="border"><border>8</border></param>
		<param name="minWidth"><int>80</int></param>
		<param name="font"><font>med-noshadow-18-white</font></param>
	</theme>

	<theme name="label-value-dex-type" ref="label" allowWildcard="true">
		<param name="background"><image>none</image></param>
		<param name="textAlignment"><enum type="alignment">center</enum></param>
		<param name="border"><border>8</border></param>
		<param name="minWidth"><int>64</int></param>
		<param name="font"><font>med-noshadow-18-white</font></param>
	</theme>

	<theme name="label-value-dex-smallest" ref="label" allowWildcard="true">
		<param name="background"><image>mobile.box.dark3.50</image></param>
		<param name="textAlignment"><enum type="alignment">center</enum></param>
		<param name="border"><border>8</border></param>
		<param name="minWidth"><int>80</int></param>
		<param name="font"><font>med-noshadow-18-white</font></param>
	</theme>

	<theme name="label-value-dex-medium" ref="label" allowWildcard="true">
		<param name="background"><image>mobile.box.dark3.50</image></param>
		<param name="textAlignment"><enum type="alignment">center</enum></param>
		<param name="border"><border>8</border></param>
		<param name="minWidth"><int>140</int></param>
		<param name="font"><font>med-noshadow-18-white</font></param>
	</theme>

	<theme name="label-value-dex-name" ref="label" allowWildcard="true">
		<param name="background"><image>mobile.box.dark3.50</image></param>
		<param name="textAlignment"><enum type="alignment">CENTER</enum></param>
		<param name="border"><border>8</border></param>
		<param name="minWidth"><int>210</int></param>
		<param name="minHeight"><int>30</int></param>
		<param name="maxWidth"><int>32767</int></param>


		<param name="font"><font>med-noshadow-18-white</font></param>
	</theme>


	<!-- titles -->
	<theme name="label-title-dex-long" ref="label-value-dex-long" allowWildcard="true">
		<param name="background"><image>ui-header.background</image></param>
		<param name="font"><font>med-noshadow-18-white</font></param>
	</theme>

	<theme name="label-title-dex-small" ref="label-value-dex-small" allowWildcard="true">
		<param name="background"><image>ui-header.background</image></param>
		<param name="font"><font>med-noshadow-18-white</font></param>
	</theme>

	<theme name="label-title-dex-type" ref="label-value-dex-type" allowWildcard="true">
		<param name="background"><image>ui-header.background</image></param>
		<param name="font"><font>med-noshadow-18-white</font></param>
	</theme>

	<theme name="label-title-dex-smallest" ref="label-value-dex-smallest" allowWildcard="true">
		<param name="background"><image>ui-header.background</image></param>
		<param name="font"><font>med-noshadow-18-white</font></param>
	</theme>

	<theme name="label-title-dex-medium" ref="label-value-dex-medium" allowWildcard="true">
		<param name="background"><image>ui-header.background</image></param>
		<param name="font"><font>med-noshadow-18-white</font></param>
	</theme>

	<theme name="label-title-dex-name" ref="label-value-dex-name" allowWildcard="true">
      <param name="background">
        <image>ui-header.background</image>
      </param>
      <param name="font">
        <font>med-noshadow-18-white</font>
      </param>
      <param name="maxWidth">
        <int>32767</int>
      </param>
      <param name="minWidth">
        <int>280</int>
      </param>
    </theme>

	<theme name="dex-move-table" ref="mobile-table" allowWildcard="true">
		<param name="font"><font>med-noshadow-18-white</font></param>
		<theme name="columnHeader" ref="button">
			<param name=""><image>ui-table-header.*</image></param>
			<param name="font"><font>med-noshadow-18-white</font></param>
			<param name="border"><border>15</border></param>
		</theme>
		<param name="columnHeaderHeight"><int>40</int></param>
		<param name="columnWidths">
          <map>
            <param name="0">
              <int>200</int>
            </param>
            <param name="1">
              <int>280</int>
            </param>
            <param name="2">
              <int>130</int>
            </param>
            <param name="3">
              <int>65</int>
            </param>
            <param name="4">
              <int>65</int>
            </param>
            <param name="5">
              <int>65</int>
            </param>
          </map>
		</param>

	</theme>
	<theme name="dex-move-table-name-label" ref="label">
		<param name="minWidth"><int>210</int></param>
		<param name="minHeight"><int>28</int></param>
   		<param name="border"><border>0,10,0,0</border></param>
   		<param name="font"><font>med-noshadow-18-white</font></param>
	</theme>
</themes>
