<?xml version="1.0" encoding="UTF-8"?>
<!DOCTYPE themes PUBLIC "-//www.matthiasmann.de//TWL-Theme//EN" "http://hg.l33tlabs.org/twl/raw-file/tip/src/de/matthiasmann/twl/theme/theme.dtd">
<themes>
  <!-- PC Storage GUI's -->
  <theme name="pc-frame" ref="mobile-panel">
    <param name="titleAreaTop"><int>0</int></param>
    <param name="titleAreaLeft"><int>0</int></param>
    <param name="titleAreaRight"><int>0</int></param>
    <param name="titleAreaBottom"><int>0</int></param>
    
    <theme name="box-name" ref="label">
      <param name="font"><font>med-shadow-22-white</font></param>
      <param name="background"><image>none</image></param>
      <param name="textAlignment"><enum type="alignment">center</enum></param>
      <param name="border"><border>6</border></param>
      <param name="minWidth"><int>212</int></param>
    </theme>
    
    <theme name="pc-box-button" ref="button">
      <param name="textAlignment"><enum type="alignment">center</enum></param>
      <param name="border"><border>0,8</border></param>
    </theme>
    
    <!-- advanced search buttons -->
    <theme name="label-button-small2-centered" ref="button">
      <param name="background"><image>ui-button.background</image></param>
      <param name="minWidth"><int>68</int></param>
      <param name="textAlignment"><enum type="alignment">center</enum></param>
    </theme>

    <theme name="label-value-medium3" ref="label">
      <param name="font"><font>med-noshadow-22-white</font></param>
      <param name="background"><image>ui-inputbox.background</image></param>
      <param name="textAlignment"><enum type="alignment">center</enum></param>
      <param name="border"><border>6</border></param>
      <param name="minWidth"><int>212</int></param>
    </theme>

    <theme name="preview-frame" ref="-defaults">
      <param name="background"><image>label5.background</image></param>
      <theme name="label" ref="label" allowWildcard="true">
        <param name="font"><font>med-noshadow-16-white</font></param>
        <param name="border"><border>3,1,0,0</border></param>
      </theme>
      <theme name="label-stats-small" ref="label" allowWildcard="true">
        <param name="font"><font>med-noshadow-14-white</font></param>
        <param name="border"><border>3,1,0,0</border></param>
      </theme>
      <theme name="label-title" ref="label" allowWildcard="true">
        <param name="background"><image>label5.background</image></param>
        <param name="font"><font>med-noshadow-16-white</font></param>
        <param name="border"><border>4</border></param>
        <param name="minWidth"><int>105</int></param>
        <param name="textAlignment"><enum type="alignment">CENTER</enum></param>
      </theme>
      <theme name="label-markup" ref="label" allowWildcard="true">
        <param name="font"><font>med-noshadow-16-white-markup</font></param>
      </theme>
      <theme name="label-hidden-ability" ref="label">
        <param name="font"><font>med-noshadow-16-yellow</font></param>
      </theme>
      <theme name="border-container" ref="label">
        <param name="border"><border>0</border></param>
      </theme>
      <theme name="monster-name-label" ref="label" allowWildcard="true">
        <param name="font"><font>med-shadow-18-white</font></param>
        <param name="border"><border>0</border></param>
        <param name="textAlignment"><enum type="alignment">center</enum></param>
      </theme>
    </theme>

    <theme name="container" ref="-defaults">
      <theme name="scrollpane" ref="scrollpane" allowWildcard="true">
        <param name="border"><border>3,15,25,10</border></param>
        <param name="minWidth"><int>600</int></param>
        <theme name="dialoglayout" ref="-defaults">
          <theme name="label-battle-box" ref="label" allowWildcard="true">
            <param name="font"><font>med-noshadow-18-white</font></param>
            <param name="border"><border>6</border></param>
            <param name="textAlignment"><enum type="alignment">LEFT</enum></param>
            <param name="background"><image>label2.background</image></param>
          </theme>
          <param name="defaultGap"><dimension>3,3</dimension></param>
          <param name="smallGap"><dimension>8,8</dimension></param>
          <param name="mediumGap"><dimension>10,10</dimension></param>
          <param name="largeGap"><dimension>15,15</dimension></param>
          <param name="namedGaps"><map/></param>
          <param name="border"><border>0,3,0,0</border></param>
          <theme name="pc-slot" ref="-defaults">
            <param name="background"><image>pc-slot.background</image></param>
            <param name="minWidth"><int>32</int></param>
            <param name="minHeight"><int>32</int></param>
            <theme name="label-dark" ref="label" allowWildcard="true">
              <param name="font"><font>alphabeta</font></param>
              <param name="border"><border>1,25,0,0</border></param>
              <param name="textAlignment"><enum type="alignment">CENTER</enum></param>
            </theme>
            <theme name="slot-health-progressbar" ref="-defaults" allowWildcard="true">
              <param name=""><image>mi-hpbar-green.*</image></param>
              <param name="border"><border>background.border</border></param>
              <param name="minWidth"><int>100</int></param>
            </theme>
          </theme>
        </theme>
      </theme>
      
      <theme name="dialoglayout" ref="-defaults">
        <theme name="pc-slot" ref="-defaults">
          <param name="background"><image>pc-slot.background</image></param>
          <param name="minWidth"><int>32</int></param>
          <param name="minHeight"><int>32</int></param>
          <theme name="label-dark" ref="label" allowWildcard="true">
            <param name="font"><font>med-noshadow-16-white</font></param>
          </theme>
          <theme name="slot-health-progressbar" ref="-defaults" allowWildcard="true">
            <param name=""><image>mi-hpbar-green.*</image></param>
            <param name="border"><border>background.border</border></param>
            <param name="minWidth"><int>100</int></param>
          </theme>
        </theme>

        <param name="border"><border>0</border></param>
        <param name="defaultGap"><dimension>5,5</dimension></param>
        <param name="smallGap"><dimension>8,8</dimension></param>
        <param name="mediumGap"><dimension>10,10</dimension></param>
        <param name="largeGap"><dimension>15,15</dimension></param>
        <theme name="editfield" ref="editfield">
          <param name="textAlignment"><enum type="alignment">RIGHT</enum></param>
        </theme>
        <param name="namedGaps"><map/></param>
      </theme>
    </theme>

    <theme name="advanced-search-dialog" ref="dialoglayout">
      <param name="border"><border>11,0,0,0</border></param>
      <!-- Value -->
      <theme name="label-value-medium" ref="label">
        <param name="background"><image>mobile.box.dark3.50</image></param>
        <param name="textAlignment"><enum type="alignment">left</enum></param>
        <param name="border"><border>6</border></param>
        <param name="minWidth"><int>160</int></param>
      </theme>
      <theme name="label-value-medium2" ref="label">
        <param name="background"><image>mobile.box.dark3.50</image></param>
        <param name="textAlignment"><enum type="alignment">left</enum></param>
        <param name="minWidth"><int>220</int></param>
      </theme>
      <theme name="label-value-medium3" ref="label">
        <param name="background"><image>mobile.box.dark3.50</image></param>
        <param name="textAlignment"><enum type="alignment">left</enum></param>
        <param name="border"><border>6</border></param>
        <param name="minWidth"><int>212</int></param>
      </theme>
      <theme name="label-value-small" ref="label">
        <param name="background"><image>mobile.box.dark3.50</image></param>
        <param name="textAlignment"><enum type="alignment">left</enum></param>
        <param name="border"><border>6</border></param>
        <param name="minWidth"><int>120</int></param>
      </theme>
      <theme name="label-value-small2" ref="label">
        <param name="background"><image>mobile.box.dark3.50</image></param>
        <param name="textAlignment"><enum type="alignment">left</enum></param>
        <param name="border"><border>6</border></param>
        <param name="minWidth"><int>96</int></param>
      </theme>
      <theme name="label-value-smallest" ref="label">
        <param name="background"><image>mobile.box.dark3.50</image></param>
        <param name="textAlignment"><enum type="alignment">center</enum></param>
        <param name="border"><border>1</border></param>
        <param name="minWidth"><int>60</int></param>
      </theme>
      <theme name="label-value-icon" ref="label">
        <param name="background"><image>none</image></param>
        <param name="textAlignment"><enum type="alignment">center</enum></param>
        <param name="border"><border>1</border></param>
        <param name="minWidth"><int>24</int></param>
      </theme>
      <!-- Sorting -->
      <theme name="label-title-normal" ref="label-value-small2">
        <param name="overlay"><image>ui-sort-default.background</image></param>
        <param name="background"><image>ui-header.background</image></param>
      </theme>
      <theme name="label-title-desc" ref="label-value-small2">
        <param name="overlay"><image>ui-sort-desc.background</image></param>
        <param name="background"><image>ui-header.background</image></param>
      </theme>
      <theme name="label-title-asc" ref="label-value-small2">
        <param name="overlay"><image>ui-sort-asc.background</image></param>
        <param name="background"><image>ui-header.background</image></param>
      </theme>
      <!-- Titles -->
      <theme name="label-title-medium" ref="label-value-medium">
        <param name="background"><image>ui-header.background</image></param>
      </theme>
      <theme name="label-title-medium2" ref="label-value-medium2">
        <param name="background"><image>mobile.box.dark3.50</image></param>
        <param name="font"><font>med-noshadow-18-white</font></param>
        <param name="textAlignment"><enum type="alignment">center</enum></param>

      </theme>
      <theme name="label-title-medium3" ref="label-value-medium3">
        <param name="background"><image>ui-header.background</image></param>
      </theme>
      <theme name="label-title-small" ref="label-value-small">
        <param name="background"><image>ui-header.background</image></param>
      </theme>
      <theme name="label-title-small2" ref="label-value-small2">
        <param name="background"><image>ui-header.background</image></param>
      </theme>
      <theme name="label-title-small2-centered" ref="label-title-small2">
        <param name="textAlignment"><enum type="alignment">center</enum></param>
      </theme>
      <theme name="label-title-smallest" ref="label-value-smallest">
        <param name="background"><image>ui-header.background</image></param>
      </theme>
      <theme name="label-title-icon" ref="label-value-icon">
        <param name="background"><image>ui-header.background</image></param>
      </theme>
      <!-- Buttons -->
      <theme name="label-button-medium" ref="label-value-medium">
        <param name="background"><image>ui-button.background</image></param>
      </theme>
      <theme name="label-button-medium2" ref="label-value-medium2">
        <param name="background"><image>ui-button.background</image></param>
      </theme>
      <theme name="label-button-small" ref="label-value-small">
        <param name="background"><image>ui-button.background</image></param>
      </theme>
      <theme name="label-button-small2" ref="button">
        <param name="background"><image>ui-button.background</image></param>
        <param name="minWidth"><int>96</int></param>
      </theme>
      <theme name="label-button-small2-centered" ref="label-button-small2">
        <param name="textAlignment"><enum type="alignment">center</enum></param>
      </theme>
      <theme name="label-button-smallest" ref="label-value-smallest">
        <param name="background"><image>ui-button.background</image></param>
      </theme>
      <theme name="label-button-icon" ref="label-value-icon">
        <param name="background"><image>ui-button.background</image></param>
      </theme>
      <theme name="editfield" ref="editfield">
        <param name="textAlignment"><enum type="alignment">CENTER</enum></param>
      </theme>
      <theme name="combobox" ref="combobox">
        <param name="minWidth"><int>300</int></param>
        <param name="minHeight"><int>45</int></param>
      </theme>
      <theme name="valueadjuster" ref="mobile-valueadjuster" allowWildcard="true">
        <param name="minHeight"><int>45</int></param>
      </theme>
      <theme name="editfield" ref="editfield">
        <param name="maxWidth">
          <int>300</int>
        </param>
      </theme>
    </theme>


    <theme name="editfield" ref="editfield-search">
    </theme>
    <theme name="button" ref="button">
      <param name="minHeight"><int>60</int></param>
      <param name="minWidth"><int>60</int></param>
    </theme>
    <theme name="togglebutton" ref="togglebutton">
      <param name="minHeight"><int>60</int></param>
      <param name="minWidth"><int>60</int></param>
    </theme>
    <theme name="label" ref="label" allowWildcard="true">
      <param name="font"><font>med-noshadow-20-white</font></param>
      <param name="border"><border>4,2</border></param>
    </theme>
    <theme name="button-symbol" ref="button">
      <param name="minWidth"><int>60</int></param>
      <param name="minHeight"><int>60</int></param>
      <param name="font"><font>symbols-white</font></param>
    </theme>
  </theme>

  <theme name="monster-slot-pc" ref="-defaults">
    <param name="background"><image>pc-slot.background</image></param>
    <param name="radial-progress"><image>none</image></param>
    <param name="minWidth"><int>34</int></param>
    <param name="minHeight"><int>34</int></param>
    <theme name="slot-health-progressbar" ref="-defaults" allowWildcard="true">
      <param name=""><image>mi-hpbar-green.*</image></param>
      <param name="border"><border>background.border</border></param>
      <param name="minWidth"><int>100</int></param>
    </theme>

    <theme name="label-dark" ref="label" allowWildcard="true">
      <param name="font"><font>med-noshadow-16-white</font></param>
      <param name="border"><border>5,16,0,0</border></param>
      <param name="textAlignment"><enum type="alignment">TOPLEFT</enum></param>
    </theme>
  </theme>
  <theme name="monster-slot-pc-selected" ref="monster-slot-pc"/>
  <theme name="monster-slot-pc-empty" ref="monster-slot-pc"/>
  
  <theme name="partyslot-shiny" ref="-defaults">
    <param name="background"><image>trade-slot-shiny</image></param>
    <param name="border"><border>8</border></param>
    <param name="defaultGap"><dimension>5,5</dimension></param>
    <param name="smallGap"><dimension>8,8</dimension></param>
    <param name="mediumGap"><dimension>10,10</dimension></param>
    <param name="largeGap"><dimension>15,15</dimension></param>
    <param name="namedGaps"><map/></param>

    <theme name="label" ref="label" allowWildcard="true">
      <param name="font"><font>pb-dark</font></param>
    </theme>
  </theme>

  <!-- PC Select All Button -->
  <theme name="selectall-button" ref="-defaults" allowWildcard="true">
    <param name="font"><font>alphabeta</font></param>
    <param name="border"><border>7,5</border></param>
    <param name="background"><image>icon.select-all</image></param>
    <param name="textAlignment"><enum type="alignment">CENTER</enum></param>
  </theme>

  <!-- PC Unselect All Button -->
  <theme name="unselectall-button" ref="-defaults" allowWildcard="true">
    <param name="font"><font>alphabeta</font></param>
    <param name="border"><border>7,5</border></param>
    <param name="background"><image>icon.select-none</image></param>
    <param name="textAlignment"><enum type="alignment">CENTER</enum></param>
  </theme>

  <theme name="edit-button" ref="button">
    <param name="background"><image>mobile.box.dark3.50</image></param>
    <param name="overlay"><image>icon.edit</image></param>
    <param name="minWidth"><int>60</int></param>
    <param name="minHeight"><int>60</int></param>
  </theme>

  <theme name="hud-spritetoggle" ref="spritetogglebutton" allowWildcard="true">
    <param name="background">
      <image>pc-slot-border-while-selected.background</image>
    </param>
    <param name="font">
      <font>med-shadow-18-white</font>
    </param>
  </theme>
</themes>
