<?xml version="1.0" encoding="UTF-8"?>
<themes>
	<theme name="monster-frame-mobile" ref="resizableframe">
		<param name="fadeDurationShow"><int>200</int></param>
		<param name="fadeDurationHide"><int>1</int></param>
		<param name="background"><image>mobile.window.grid.background</image></param>
		<param name="border"><border>0,0,0,0</border></param>

		<param name="maxWidth"><int>439</int></param>
		<param name="maxHeight"><int>340</int></param>

		<param name="titleAreaTop"><int>30</int></param>
		<param name="titleAreaLeft"><int>20</int></param>
		<param name="titleAreaRight"><int>0</int></param>
		<param name="titleAreaBottom"><int>0</int></param>
		<theme name="title" ref="-defaults">
			<param name="textAlignment"><enum type="alignment">left</enum></param>
			<param name="font"><font>xxlarge</font></param>
		</theme>

		<param name="closeButtonX"><int>-64</int></param>
		<param name="closeButtonY"><int>2</int></param>
		<theme name="closeButton" ref="-defaults">
			<param name="background"><image>mobile.icons.close</image></param>
			<param name="minWidth"><int>60</int></param>
			<param name="minHeight"><int>60</int></param>
		</theme>

		<!-- Used for Name Section -->
		<theme name="nameplate" ref="-defaults">
			<param name="minWidth"><int>340</int></param>
			<param name="minHeight"><int>34</int></param>
			<param name="maxHeight"><int>34</int></param>
			<param name="border"><border>2,3</border></param>
			<theme name="label" ref="-defaults">
				<param name="font"><font>med-shadow-22-white</font></param>
				<param name="textAlignment"><enum type="alignment">LEFT</enum></param>
			</theme>
			<theme name="label2" ref="-defaults">
				<param name="font"><font>title-font</font></param>
				<param name="border"><border>3</border></param>
				<param name="background"><image>mi-nameplate</image></param>
			</theme>
			<param name="defaultGap"><dimension>2,0</dimension></param>
			<param name="smallGap"><dimension>8,8</dimension></param>
			<param name="mediumGap"><dimension>10,10</dimension></param>
			<param name="largeGap"><dimension>15,15</dimension></param>
			<param name="namedGaps"><map/></param>
		</theme>

		<!-- Used for Item Held section -->
		<theme name="itemplate" ref="-defaults">
			<param name="background"><image>none</image></param>
			<param name="minHeight"><int>34</int></param>
			<param name="maxHeight"><int>34</int></param>
			<param name="border"><border>10,22</border></param>
			<theme name="label" ref="-defaults">
				<param name="font"><font>med-shadow-22-white</font></param>
				<param name="textAlignment"><enum type="alignment">LEFT</enum></param>
			</theme>
			<theme name="label2" ref="-defaults">
				<param name="font"><font>18pt-gray</font></param>
				<param name="background"><image>mobile.label.value</image></param>
				<param name="border"><border>0,10,1,60</border></param>
			</theme>
			<param name="defaultGap"><dimension>2,0</dimension></param>
			<param name="smallGap"><dimension>8,8</dimension></param>
			<param name="mediumGap"><dimension>10,10</dimension></param>
			<param name="largeGap"><dimension>15,15</dimension></param>
			<param name="namedGaps"><map/></param>
		</theme>

		<theme name="tabbedpane" ref="-defaults">
				<param name="minWidth"><int>245</int></param>
				<param name="background"><image>none</image></param>
				<param name="border"><border>0,0,0,0</border></param>
				<theme name="tabbox" ref="-defaults">
					<!-- Not used, look below for custom tab buttons -->
					<theme name="tabbutton" ref="togglebutton">
						<param name=""><image>ui-tab-button.*</image></param>
					</theme>
					<param name="border"><border>0,350,0,6</border></param>
					<param name="spacing"><int>5</int></param>
					<param name="alignment"><enum type="alignment">FILL</enum></param>
				</theme>
				<theme name="container" ref="-defaults">
					<param name="border"><border>0,0,0,0</border></param>
          <theme name="dialoglayout" ref="-defaults">
            <param name="minWidth"><int>800</int></param>
            <param name="background"><image>none</image></param>
						<param name="border"><border>0</border></param>
						<param name="defaultGap"><dimension>5,5</dimension></param>
						<param name="smallGap"><dimension>8,8</dimension></param>
						<param name="mediumGap"><dimension>10,10</dimension></param>
						<param name="largeGap"><dimension>15,15</dimension></param>
						<param name="namedGaps"><map/></param>
					</theme>
          <theme name="scrollpane" ref="scrollpane">
            <param name="minWidth"><int>800</int></param>
            <param name="background"><image>none</image></param>
            <param name="border"><border>0</border></param>
            <param name="defaultGap"><dimension>5,5</dimension></param>
            <param name="smallGap"><dimension>8,8</dimension></param>
            <param name="mediumGap"><dimension>10,10</dimension></param>
            <param name="largeGap"><dimension>15,15</dimension></param>
            <param name="namedGaps"><map/></param>
            <theme name="dialoglayout" ref="dialoglayout">
              <param name="border"><border>0</border></param>
            </theme>
          </theme>
				</theme>
				<param name="inputMap"><inputMapDef>
					<action name="nextTab">CTRL TAB</action>
					<action name="prevTab">CTRL SHIFT TAB</action>
				</inputMapDef></param>
			</theme>
	</theme>

  <theme name="label-monster-area" ref="-defaults">
    <param name="minWidth"><int>0</int></param>
    <param name="border"><border>20,50,0,50</border></param>
    <param name="defaultGap"><dimension>5,0</dimension></param>
    <param name="smallGap"><dimension>8,8</dimension></param>
    <param name="mediumGap"><dimension>10,10</dimension></param>
    <param name="largeGap"><dimension>15,15</dimension></param>
    <param name="namedGaps"><map/></param>

    <theme name="button" ref="-defaults" allowWildcard="true">
      <param name="font"><font>18pt-gray</font></param>
      <param name="border"><border>0</border></param>
      <param name="background"><image>mobile.button.background</image></param>
      <param name="textAlignment"><enum type="alignment">CENTER</enum></param>
    </theme>

    <theme name="label-monster-title" ref="label" allowWildcard="true">
      <param name="background"><image>none</image></param>
      <param name="border"><border>0,20,0,30</border></param>
      <param name="minWidth"><int>250</int></param>
      <param name="font"><font>med-shadow-22-white</font></param>
      <param name="textAlignment"><enum type="alignment">LEFT</enum></param>
    </theme>

    <!-- Used with higher boxes -->
    <theme name="label-monster-title-wide" ref="label" allowWildcard="true">
      <param name="background"><image>mobile.label.title</image></param>
      <param name="border"><border>0,15,0,5</border></param>
      <param name="minWidth"><int>100</int></param>
      <param name="font"><font>med-noshadow-22-blue</font></param>
    </theme>

    <theme name="label-monster-title-full" ref="label" allowWildcard="true">
      <param name="background"><image>none</image></param>
      <param name="border"><border>0,15,0,5</border></param>
      <param name="minWidth"><int>230</int></param>
      <param name="font"><font>med-shadow-22-white</font></param>
      <param name="textAlignment"><enum type="alignment">LEFT</enum></param>
    </theme>

    <!-- Active Skills -->
    <theme name="label-skill-use-name" ref="button" allowWildcard="true">
      <param name="background"><image>mobile.label.value.glow</image></param>
      <param name="border"><border>10</border></param>
      <param name="minHeight"><int>80</int></param>
      <param name="maxHeight"><int>80</int></param>
      <param name="minWidth"><int>260</int></param>
      <param name="maxWidth"><int>260</int></param>
      <param name="font"><font>18pt-gray</font></param>
      <param name="textAlignment"><enum type="alignment">LEFT</enum></param>
    </theme>
    <!-- Inactive Skill -->
    <theme name="label-skill-name" ref="button" allowWildcard="true">
      <param name="background"><image>mobile.label.value</image></param>
      <param name="border"><border>10</border></param>
      <param name="minHeight"><int>80</int></param>
      <param name="maxHeight"><int>80</int></param>
      <param name="minWidth"><int>260</int></param>
      <param name="maxWidth"><int>260</int></param>
      <param name="font"><font>18pt-gray</font></param>
      <param name="textAlignment"><enum type="alignment">LEFT</enum></param>
    </theme>

    <theme name="label-monster-value" ref="label" allowWildcard="true">
      <param name="background"><image>mobile.label.value</image></param>
      <param name="textAlignment"><enum type="alignment">LEFT</enum></param>
      <param name="border"><border>15,15,15,15</border></param>
      <param name="maxWidth"><int>180</int></param>
      <param name="minWidth"><int>180</int></param>
      <param name="font"><font>18pt-gray</font></param>
    </theme>

    <theme name="label-hidden-ability" ref="label">
      <param name="background"><image>mobile.label.value</image></param>
      <param name="textAlignment"><enum type="alignment">LEFT</enum></param>
      <param name="border"><border>15,15,15,15</border></param>
      <param name="maxWidth"><int>180</int></param>
      <param name="minWidth"><int>180</int></param>
      <param name="font"><font>med-noshadow-18-dark-gold-yellow</font></param>
    </theme>

    <theme name="label-monster-value-stat-complete" ref="label" allowWildcard="true">
      <param name="background"><image>mobile.label.value</image></param>
      <param name="textAlignment"><enum type="alignment">LEFT</enum></param>
      <param name="border"><border>15,15,15,15</border></param>
      <param name="maxWidth"><int>180</int></param>
      <param name="minWidth"><int>180</int></param>
      <param name="font"><font>med-noshadow-18-green</font></param>
    </theme>

    <theme name="label-monster-value-stat-bad" ref="label" allowWildcard="true">
      <param name="background"><image>mobile.label.value</image></param>
      <param name="textAlignment"><enum type="alignment">LEFT</enum></param>
      <param name="border"><border>15,15,15,15</border></param>
      <param name="maxWidth"><int>180</int></param>
      <param name="minWidth"><int>180</int></param>
      <param name="font"><font>med-noshadow-18-darkred</font></param>
    </theme>

    <theme name="label-monster-value-center" ref="label" allowWildcard="true">
      <param name="background"><image>mobile.label.value</image></param>
      <param name="textAlignment"><enum type="alignment">CENTER</enum></param>
      <param name="border"><border>15,15,15,15</border></param>
      <param name="maxWidth"><int>180</int></param>
      <param name="minWidth"><int>180</int></param>
      <param name="font"><font>18pt-gray</font></param>
    </theme>

    <theme name="label-monster-value-tooltip" ref="label" allowWildcard="true">
      <param name="background"><image>mobile.label.value</image></param>
      <param name="textAlignment"><enum type="alignment">LEFT</enum></param>
      <param name="border"><border>15,15,15,15</border></param>
      <param name="maxWidth"><int>180</int></param>
      <param name="minWidth"><int>180</int></param>
      <param name="font"><font>18pt-gray</font></param>
      <param name="mouseCursor"><cursor>cursor.help</cursor></param>
    </theme>

    <theme name="label-monster-value3" ref="label" allowWildcard="true">
      <param name="background"><image>none</image></param>
      <param name="textAlignment"><enum type="alignment">left</enum></param>
      <param name="border"><border>1,0,0,5</border></param>
      <param name="font"><font>pb-dark</font></param>
    </theme>

    <theme name="label-monster-value-name" ref="label" allowWildcard="true">
      <param name="background"><image>mi-label-value-inset</image></param>
      <param name="textAlignment"><enum type="alignment">left</enum></param>
      <param name="border"><border>2,0,0,0</border></param>
      <param name="maxWidth"><int>92</int></param>
      <param name="minWidth"><int>92</int></param>
      <param name="font"><font>alphabeta-border</font></param>
    </theme>

    <theme name="label-skill-arrowup" ref="label" allowWildcard="true">
      <param name="background"><image>mobile.icons.arrowup</image></param>
      <param name="textAlignment"><enum type="alignment">left</enum></param>
      <param name="border"><border>0</border></param>
      <param name="maxWidth"><int>60</int></param>
      <param name="minWidth"><int>60</int></param>
      <param name="minHeight"><int>60</int></param>
      <param name="maxHeight"><int>60</int></param>
      <param name="font"><font>pb-dark</font></param>
    </theme>

    <theme name="label-skill-arrowdown" ref="label" allowWildcard="true">
      <param name="background"><image>mobile.icons.arrowdown</image></param>
      <param name="textAlignment"><enum type="alignment">left</enum></param>
      <param name="border"><border>0</border></param>
      <param name="maxWidth"><int>60</int></param>
      <param name="minWidth"><int>60</int></param>
      <param name="minHeight"><int>60</int></param>
      <param name="maxHeight"><int>60</int></param>
      <param name="font"><font>pb-dark</font></param>
    </theme>

    <theme name="level-toggle" ref="button">
      <param name="background"><image>mobile.icons.refresh</image></param>
      <param name="maxWidth"><int>60</int></param>
      <param name="maxHeight"><int>60</int></param>
      <param name="border"><border>0</border></param>
    </theme>
    <theme name="label" ref="-defaults">
      <param name="font"><font>med-shadow-18-white</font></param>
      <param name="textAlignment"><enum type="alignment">LEFT</enum></param>
    </theme>
  </theme>

	<theme name="monster-tab" ref="label">
		<param name=""><image>mobile.tab.activeonly.*</image></param>
	</theme>

	<theme name="monsterframe-xp-progressbar" ref="-defaults" allowWildcard="true">
		<param name="background"><image>mobile.progress.background</image></param>
		<param name="overlay"><image>mobile.progress.overlay</image></param>
		<param name="progressImage"><image>mobile.progress.progressImage</image></param>
		<param name="border"><border>0,0</border></param>
	</theme>

	<theme name="monsterframe-hp-progressbar" ref="-defaults" allowWildcard="true">
		<param name="progressImage"><image>mobile.progress.green.progressImage</image></param>
		<param name="background"><image>mobile.progress.background</image></param>
		<param name="overlay"><image>mobile.progress.overlay</image></param>
		<param name="border"><border>0,0,0,0</border></param>
		<param name="minWidth"><int>50</int></param>
	</theme>

	<theme name="monsterframe-hp-progressbar-orange" ref="-defaults" allowWildcard="true">
		<param name="progressImage"><image>mobile.progress.orange.progressImage</image></param>
		<param name="background"><image>mobile.progress.background</image></param>
		<param name="overlay"><image>mobile.progress.overlay</image></param>
		<param name="border"><border>0,0</border></param>
		<param name="minWidth"><int>50</int></param>
	</theme>

	<theme name="monsterframe-hp-progressbar-red" ref="-defaults" allowWildcard="true">
		<param name="progressImage"><image>mobile.progress.green.progressImage</image></param>
		<param name="background"><image>mobile.progress.background</image></param>
		<param name="overlay"><image>mobile.progress.overlay</image></param>
		<param name="border"><border>0,0</border></param>
		<param name="minWidth"><int>50</int></param>
	</theme>

	<theme name="monsterframe-happiness-progressbar" ref="-defaults" allowWildcard="true">
		<param name="progressImage"><image>mobile.progress.violet.progressImage</image></param>
		<param name="background"><image>mobile.progress.background</image></param>
		<param name="overlay"><image>mobile.progress.overlay</image></param>
		<param name="border"><border>0,0</border></param>
		<param name="minWidth"><int>50</int></param>
	</theme>

	<theme name="monsterframe-progressbar-contest-0" ref="-defaults" allowWildcard="true">
		<param name="progressImage"><image>mobile.progress.green.progressImage</image></param>
		<param name="background"><image>mobile.progress.background</image></param>
		<param name="overlay"><image>mobile.progress.overlay</image></param>
	</theme>
	<theme name="monsterframe-progressbar-contest-1" ref="-defaults" allowWildcard="true">
		<param name="progressImage"><image>mobile.progress.orange.progressImage</image></param>
		<param name="background"><image>mobile.progress.background</image></param>
		<param name="overlay"><image>mobile.progress.overlay</image></param>
	</theme>
	<theme name="monsterframe-progressbar-contest-2" ref="-defaults" allowWildcard="true">
		<param name="progressImage"><image>mobile.progress.violet.progressImage</image></param>
		<param name="background"><image>mobile.progress.background</image></param>
		<param name="overlay"><image>mobile.progress.overlay</image></param>
	</theme>
	<theme name="monsterframe-progressbar-contest-3" ref="-defaults" allowWildcard="true">
		<param name="progressImage"><image>mobile.progress.progressImage</image></param>
		<param name="background"><image>mobile.progress.background</image></param>
		<param name="overlay"><image>mobile.progress.overlay</image></param>
	</theme>
	<theme name="monsterframe-progressbar-contest-4" ref="-defaults" allowWildcard="true">
		<param name="progressImage"><image>mobile.progress.yellow.progressImage</image></param>
		<param name="background"><image>mobile.progress.background</image></param>
		<param name="overlay"><image>mobile.progress.overlay</image></param>
	</theme>
	<theme name="monsterframe-progressbar-contest-total" ref="-defaults" allowWildcard="true">
		<param name="progressImage"><image>mobile.progress.darkblue.progressImage</image></param>
		<param name="background"><image>mobile.progress.background</image></param>
		<param name="overlay"><image>mobile.progress.overlay</image></param>
	</theme>

<!--
	<theme name="monster-frame-mobile" ref="monster-frame" allowWildcard="true">



		<theme name="dialoglayout" ref="-defaults">
			<param name="border"><border>0</border></param>
			<theme name="tabbedpane" ref="-defaults">
				<param name="minWidth"><int>245</int></param>
				<param name="background"><image>none</image></param>
				<param name="border"><border>0,0,0,0</border></param>
				<theme name="tabbox" ref="-defaults">
					<theme name="tabbutton" ref="togglebutton">
						<param name=""><image>ui-tab-button.*</image></param>
					</theme>

					<param name="border"><border>0,240,0,0</border></param>
					<param name="spacing"><int>10</int></param>
					<param name="alignment"><enum type="alignment">FILL</enum></param>
				</theme>
			</theme>
		</theme>
	</theme>
-->
	<theme name="monster-frame-tab" ref="-defaults" allowWildcard="true">
		<param name="minWidth"><int>60</int></param>
		<param name="minHeight"><int>60</int></param>
	</theme>

	<theme name="monster-frame-tab-info" ref="monster-frame-tab" overwrite="true">
		<param name=""><image>mobile.monster.tab1.*</image></param>
	</theme>
	<theme name="monster-frame-tab-attack" ref="monster-frame-tab" overwrite="true">
		<param name=""><image>mobile.monster.tab4.*</image></param>
	</theme>
	<theme name="monster-frame-tab-stats" ref="monster-frame-tab" overwrite="true">
		<param name=""><image>mobile.monster.tab5.*</image></param>
	</theme>
	<theme name="monster-frame-tab-history" ref="monster-frame-tab" overwrite="true">
		<param name=""><image>mobile.monster.tab2.*</image></param>
	</theme>
	<theme name="monster-frame-tab-stats2" ref="monster-frame-tab" overwrite="true">
		<param name=""><image>mobile.monster.tab3.*</image></param>
	</theme>
	<theme name="monster-frame-tab-stats3" ref="monster-frame-tab" overwrite="true">
		<param name=""><image>mobile.monster.tab6.*</image></param>
	</theme>
	<theme name="monster-frame-tab-ribbons" ref="monster-frame-tab" overwrite="true">
		<param name=""><image>mobile.monster.tab7.*</image></param>
	</theme>
	<theme name="monster-frame-tab-stats4" ref="monster-frame-tab" overwrite="true">
		<param name=""><image>mobile.monster.tab8.*</image></param>
	</theme>
	<theme name="monster-frame-tab-particles" ref="monster-frame-tab" overwrite="true">
		<param name=""><image>mobile.monster.tab9.*</image></param>
	</theme>
	<theme name="monsterframe-ball" ref="button" allowWildcard="true">
		<param name="border"><border>0,0,0,0</border></param>
		<param name="background"><image>none</image></param>
	</theme>
</themes>
