<?xml version="1.0" encoding="UTF-8"?>
<themes>
	<!-- contest gui -->
	<theme name="contestgui" ref="battlegui">
		<param name="defaultGap"><dimension>2,2</dimension></param>
		<theme name="battle-text" ref="label" allowWildcard="true">
			<param name="font"><font>battle</font></param>
		</theme>
		<param name="border"><border>0</border></param>
		<theme name="pokeball-count" ref="-defaults">
			<param name="border"><border>0</border></param>
			<param name="defaultGap"><dimension>2,2</dimension></param>
			<param name="smallGap"><dimension>2,2</dimension></param>
			<param name="mediumGap"><dimension>2,2</dimension></param>
			<param name="largeGap"><dimension>2,2</dimension></param>
			<param name="namedGaps"><map/></param>
		</theme>
		<theme name="contestresulttext" ref="label">
			<param name="background"><image>bubble.background</image></param>
			<param name="font"><font>alphabeta-gray</font></param>
			<param name="border"><border>8</border></param>
		</theme>
		<theme name="redlabel" ref="label">
			<param name="font"><font>alphabeta</font></param>
		</theme>
		<theme name="contestresultmeter" ref="-defaults">
			<param name="border"><border>0</border></param>
			<theme name="smoothprogressbar" ref="-defaults">
				<param name=""><image>progress.*</image></param>
				<param name="border"><border>0</border></param>
			</theme>
			<theme name="label" ref="label">
				<param name="font"><font>alphabeta-gray</font></param>
			</theme>
		</theme>
	</theme>

	<theme name="contest-button" ref="-defaults" allowWildcard="true">
		<param name="font"><font>mechabold</font></param>
		<param name="font2"><font>alphabeta</font></param>
		<param name="border"><border>0,0,13,0</border></param>
		<param name=""><image>ui-contest-button.*</image></param>
		<param name="textAlignment"><enum type="alignment">CENTER</enum></param>
	</theme>

	<theme name="contest-frame" ref="-defaults" allowWildcard="true">
		<param name="background"><image>ui-contest-top.background</image></param>
	</theme>

	<theme name="contest-gui-enemy" ref="-defaults">
		<param name="background"><image>ui-contest-special.background</image></param>
		<param name="minWidth"><int>296</int></param>
		<param name="minHeight"><int>85</int></param>
		<param name="border"><border>0</border></param>
	</theme>
	
	<theme name="contest-gui-self" ref="-defaults">
		<param name="background"><image>battle-ui-self</image></param>
	</theme>

	<theme name="love-meter" ref="-defaults" allowWildcard="true">
		<param name=""><image>ui-contest-progress.*</image></param>
		<param name="border"><border>background.border</border></param>
		<param name="minWidth"><int>100</int></param>
	</theme>


	<theme name="contest-button-return" ref="button">
		<param name=""><image>ui-contest-button.*</image></param>
		<param name="font"><font>alphabeta</font></param>
	</theme>
	
	<!-- Theme used by various battle windows including the main window, skill learn dialog and item selection dialog -->
	<theme name="contest-panel" ref="-defaults" allowWildcard="true">
		<param name="background"><image>ui-contest-bottom.background</image></param>		
		<param name="border"><border>7</border></param>
		<param name="defaultGap"><dimension>5,2</dimension></param>
		<param name="smallGap"><dimension>8,8</dimension></param>
		<param name="mediumGap"><dimension>10,10</dimension></param>
		<param name="largeGap"><dimension>15,15</dimension></param>
		<param name="namedGaps"><map/></param>
		<theme name="battle-move-button" ref="battle-move-button">
			<param name=""><image>ui-contest-button.*</image></param>
			<param name="minWidth"><int>400</int></param>
			<param name="minHeight"><int>100</int></param>
		</theme>
		<theme name="battle-move-button-red" ref="battle-move-button-red">
			<param name=""><image>ui-contest-button.*</image></param>
			<param name="minWidth"><int>400</int></param>
			<param name="minHeight"><int>100</int></param>
		</theme>
		<theme name="dialoglayout" ref="-defaults">
			<param name="border"><border>0</border></param>
			<param name="defaultGap"><dimension>5,5</dimension></param>
			<param name="smallGap"><dimension>8,8</dimension></param>
			<param name="mediumGap"><dimension>10,10</dimension></param>
			<param name="largeGap"><dimension>15,15</dimension></param>
			<param name="namedGaps"><map/></param>
			<theme name="label-black" ref="-defaults" allowWildcard="true">
				<param name="font"><font>alphabeta</font></param>
				<param name="border"><border>0,0,25,0</border></param>
			</theme>
		</theme>
		<theme name="scrollpane" ref="scrollpane" allowWildcard="true">
			<theme name="dialoglayout" ref="-dialog">
				<param name="defaultGap"><dimension>0,0</dimension></param>
				<theme name="button" ref="-defaults" allowWildcard="true">
					<param name="font"><font>alphabeta</font></param>
					<param name="border"><border>2,0,4,10</border></param>
					<param name=""><image>button-small.*</image></param>
					<param name="textAlignment"><enum type="alignment">RIGHT</enum></param>
				</theme>
			</theme>
		</theme>
		<theme name="label-black" ref="-defaults" allowWildcard="true">
			<param name="font"><font>alphabeta</font></param>
		</theme>
		<theme name="button" ref="-defaults" allowWildcard="true">
			<param name="font"><font>alphabeta</font></param>
			<param name="border"><border>2,0,4,10</border></param>
			<param name=""><image>button-small.*</image></param>
			<param name="textAlignment"><enum type="alignment">RIGHT</enum></param>
		</theme>
	</theme>
</themes>
