<?xml version="1.0" encoding="UTF-8"?>
<themes>
	<!-- matchmaking stats window -->
	<theme name="mm-stats-window" ref="base-tabbed-frame">
		<theme name="dialoglayout" ref="dialoglayout">
			<param name="border"><border>5</border></param>
			<param name="defaultGap"><dimension>5,5</dimension></param>
			<param name="smallGap"><dimension>8,8</dimension></param>
			<param name="mediumGap"><dimension>10,10</dimension></param>
			<param name="largeGap"><dimension>15,15</dimension></param>
			<param name="namedGaps"><map/></param>
			<theme name="tabbedpane" ref="base-tabbed-pane">
				<param name="minWidth"><int>450</int></param>
				<param name="border"><border>0,0,0,0</border></param>
				<theme name="tabbox" ref="tabbox">
					<param name="border"><border>0,10,0,0</border></param>
					<param name="spacing"><int>5</int></param>
					<param name="alignment"><enum type="alignment">FILL</enum></param>
				</theme>
				<theme name="container" ref="container">
					<theme name="dialoglayout" ref="dialoglayout">
						<param name="background"><image>none</image></param>
						<param name="border"><border>10,10,10,10</border></param>
						<param name="defaultGap"><dimension>5,5</dimension></param>
						<param name="smallGap"><dimension>8,8</dimension></param>
						<param name="mediumGap"><dimension>10,10</dimension></param>
						<param name="largeGap"><dimension>15,15</dimension></param>
						<param name="namedGaps"><map/></param>
						<!-- stats -->
						<theme name="stats">
							<param name="background"><image>none</image></param>
							<param name="overlay"><image>none</image></param>
							<theme name="hscrollbar" ref="hscrollbar"/>  <!-- not used -->
							<theme name="vscrollbar" ref="vscrollbar-white"/>
							<param name="border"><border>0</border></param>
							<param name="minWidth"><int>100</int></param>
							<param name="minHeight"><int>100</int></param>
							<param name="maxWidth"><int>32767</int></param>
							<param name="maxHeight"><int>32767</int></param>
							<param name="hasDragButton"><bool>false</bool></param>
							<param name="autoScrollArea"><int>5</int></param>
							<param name="autoScrollSpeed"><int>10</int></param>
							<param name="scrollbarsAlwaysVisible"><bool>false</bool></param>

							<!-- Loading Label -->
							<theme name="label" ref="label" allowWildcard="true">
								<param name="textAlignment"><enum type="alignment">left</enum></param>
								<param name="border"><border>6</border></param>
								<param name="minWidth"><int>200</int></param>
							</theme>

							<theme name="dialoglayout" ref="-defaults">
								<param name="background"><image>none</image></param>
								<param name="border"><border>0,0,0,8</border></param>
								<param name="defaultGap"><dimension>3,3</dimension></param>
								<param name="smallGap"><dimension>8,8</dimension></param>
								<param name="mediumGap"><dimension>10,10</dimension></param>
								<param name="largeGap"><dimension>15,15</dimension></param>
								<param name="namedGaps"><map/></param>
								<param name="minWidth"><int>300</int></param>
								<param name="maxWidth"><int>32767</int></param>
								<param name="maxHeight"><int>32767</int></param>
								<theme name="button" ref="button" allowWildcard="true">
									<param name="minWidth"><int>130</int></param>
									<param name="width"><int>130</int></param>
									<param name="border"><border>5,0</border></param>
								</theme>

								<theme name="label-value-stat" ref="label" allowWildcard="true">
									<param name="background"><image>ui-inputbox.background</image></param>
									<param name="textAlignment"><enum type="alignment">left</enum></param>
									<param name="border"><border>6</border></param>
									<param name="minWidth"><int>170</int></param>
								</theme>
								<theme name="label-title-stat" ref="label" allowWildcard="true">
									<param name="background"><image>ui-header.background</image></param>
									<param name="textAlignment"><enum type="alignment">left</enum></param>
									<param name="border"><border>6</border></param>
									<param name="minWidth"><int>170</int></param>
								</theme>

								<theme name="label-value-small" ref="label" allowWildcard="true">
									<param name="background"><image>ui-inputbox.background</image></param>
									<param name="textAlignment"><enum type="alignment">left</enum></param>
									<param name="border"><border>6</border></param>
									<param name="minWidth"><int>200</int></param>
								</theme>
								<theme name="label-title-small" ref="label" allowWildcard="true">
									<param name="background"><image>ui-header.background</image></param>
									<param name="textAlignment"><enum type="alignment">left</enum></param>
									<param name="border"><border>6</border></param>
									<param name="minWidth"><int>200</int></param>
								</theme>
								<theme name="label-title-small2" ref="label" allowWildcard="true">
									<param name="background"><image>ui-header.background</image></param>
									<param name="textAlignment"><enum type="alignment">left</enum></param>
									<param name="border"><border>6</border></param>
									<param name="minWidth"><int>200</int></param>
								</theme>
								<theme name="label-value-small2" ref="label" allowWildcard="true">
									<param name="background"><image>ui-inputbox.background</image></param>
									<param name="textAlignment"><enum type="alignment">left</enum></param>
									<param name="border"><border>6</border></param>
									<param name="minWidth"><int>200</int></param>
								</theme>
								<theme name="label-value-smallest" ref="label" allowWildcard="true">
									<param name="background"><image>ui-inputbox.background</image></param>
									<param name="textAlignment"><enum type="alignment">CENTER</enum></param>
									<param name="border"><border>1</border></param>
									<param name="minWidth"><int>61</int></param>
								</theme>
								<theme name="label-name" ref="label" allowWildcard="true">
									<param name="background"><image>ui-header.background</image></param>
									<param name="border"><border>6</border></param>
									<param name="minWidth"><int>180</int></param>
								</theme>
								<theme name="label-name-value" ref="label" allowWildcard="true">
									<param name="background"><image>ui-inputbox.background</image></param>
									<param name="border"><border>6</border></param>
									<param name="minWidth"><int>180</int></param>
								</theme>
								<theme name="label-name-value-button" ref="label" allowWildcard="true">
									<param name=""><image>ui-button.*</image></param>
									<param name="border"><border>6</border></param>
									<param name="minWidth"><int>180</int></param>
								</theme>
								<theme name="label-name-icon-value" ref="label" allowWildcard="true">
									<param name="background"><image>ui-inputbox.background</image></param>
									<param name="border"><border>6</border></param>
									<param name="minWidth"><int>153</int></param>
								</theme>
								<theme name="label-title" ref="label" allowWildcard="true">
									<param name="background"><image>ui-header.background</image></param>
									<param name="border"><border>6</border></param>
									<param name="minWidth"><int>180</int></param>
									<param name="textAlignment"><enum type="alignment">CENTER</enum></param>
								</theme>

								<theme name="label-turn" ref="label" allowWildcard="true">
									<param name="background"><image>ui-header.background</image></param>
									<param name="border"><border>6</border></param>
									<param name="minWidth"><int>130</int></param>
								</theme>
								<theme name="label-turn-value" ref="label" allowWildcard="true">
									<param name="background"><image>ui-inputbox.background</image></param>
									<param name="border"><border>6</border></param>
									<param name="minWidth"><int>130</int></param>
								</theme>

								<theme name="label-title-smallest" ref="label" allowWildcard="true">
									<param name="background"><image>ui-header.background</image></param>
									<param name="border"><border>6</border></param>
									<param name="minWidth"><int>61</int></param>
									<param name="textAlignment"><enum type="alignment">CENTER</enum></param>
								</theme>

								<theme name="label-title-icon" ref="label" allowWildcard="true">
									<param name="background"><image>ui-header.background</image></param>
									<param name="border"><border>6</border></param>
									<param name="minWidth"><int>24</int></param>
									<param name="textAlignment"><enum type="alignment">CENTER</enum></param>
								</theme>

								<theme name="label-value-icon" ref="label" allowWildcard="true">
									<param name="background"><image>none</image></param>
									<param name="border"><border>6</border></param>
									<param name="minWidth"><int>24</int></param>
								</theme>

								<theme name="label-value-large" ref="label" allowWildcard="true">
									<param name="background"><image>ui-inputbox.background</image></param>
									<param name="border"><border>6</border></param>
									<param name="minWidth"><int>380</int></param>
								</theme>
							</theme>
						</theme>
					</theme>
				</theme>
				<param name="inputMap"><inputMapDef>
					<action name="nextTab">CTRL TAB</action>
					<action name="prevTab">CTRL SHIFT TAB</action>
				</inputMapDef></param>
			</theme>
		</theme>
	</theme>

	<theme name="tournament-table" ref="table" allowWildcard="true">
		<param name="columnWidths">
			<map>
				<param name="0"><int>font.EM * 20</int></param>
				<param name="1"><int>80</int></param>
			</map>
		</param>
		<theme name="stringcellrenderer" ref="stringcellrenderer">
			<param name="textAlignment"><enum type="alignment">CENTER</enum></param>
			<param name="border"><border>2,8,2,8</border></param>
		</theme>
		<theme name="box-layout-row" ref="-defaults" allowWildcard="true">
			<param name="background"><image>ui-table-row.background</image></param>
			<param name="border"><border>0,0</border></param>
			<param name="spacing"><int>30</int></param>
			<param name="alignment"><enum type="alignment">CENTER</enum></param>
			<theme name="label" ref="label">
				<param name="border"><border>0,0</border></param>
			</theme>
		</theme>
	</theme>

	<!-- MM Frame -->
	<theme name="matchmakingframe" ref="base-frame">
		<param name="background"><image>ui-inner-frame-tab.background</image></param>
		<param name="border"><border>20,18,6,6</border></param>
		<param name="minWidth"><int>705</int></param>
		<param name="minHeight"><int>430</int></param>

		<theme name="tabbedpane" ref="base-tabbed-pane">
			<param name="tabPosition"><enum type="tabposition">LEFT</enum></param>
			<param name="background"><image>none</image></param>
			<param name="border"><border>0,0,0,0</border></param>
			<theme name="tabbox" ref="tabbox">
				<param name="border"><border>30,10,0,20</border></param>
				<param name="spacing"><int>5</int></param>
				<param name="alignment"><enum type="alignment">FILL</enum></param>
				<theme name="tabbutton" ref="togglebutton">
					<param name="border"><border>5,0,5,10</border></param>
					<param name=""><image>ui-tab-vertical.*</image></param>
					<param name="font"><font>pb-tab</font></param>
					<param name="textAlignment"><enum type="alignment">LEFT</enum></param>
				</theme>
			</theme>
			<theme name="container" ref="container">
				<param name="border"><border>25,0,0,0</border></param>
				<param name="minWidth"><int>480</int></param>

				<theme name="dialoglayout" ref="dialoglayout">
						<param name="defaultGap"><dimension>6,5</dimension></param>
						<param name="smallGap"><dimension>8,8</dimension></param>
          <param name="mediumGap">
            <dimension>10,10</dimension>
          </param>
          <param name="largeGap">
            <dimension>15,15</dimension>
          </param>
          <param name="border">
            <border>2</border>
          </param>
          <theme name="label-game-mode" ref="button" allowWildcard="true">
            <param name="background">
              <image>ui-table-header.background</image>
            </param>
            <param name="border">
              <border>12</border>
            </param>
            <param name="minWidth">
              <int>420</int>
            </param>
            <param name="minHeight">
              <int>40</int>
            </param>
            <param name="textAlignment">
              <enum type="alignment">CENTER</enum>
            </param>
          </theme>

          <theme name="scrollpane" ref="scrollpane" allowWildcard="true">
            <theme name="vscrollbar" ref="vscrollbar-white"/>
            <param name="scrollbarsAlwaysVisible">
              <bool>true</bool>
            </param>
          </theme>

          <theme name="signup-button" ref="button">
            <param name="minWidth">
              <int>207</int>
            </param>
          </theme>

          <theme name="label-time" ref="label" allowWildcard="true">
							<param name="textAlignment"><enum type="alignment">LEFT</enum></param>
							<param name="border"><border>5</border></param>
						</theme>

						<theme name="signup-combobox" ref="combobox">
							<param name="minWidth"><int>212</int></param>
							<param name="maxWidth"><int>212</int></param>
							<param name="minHeight"><int>50</int></param>
						</theme>

						<theme name="label-monster-slot" ref="label" allowWildcard="true">
							<param name="background"><image>ui-inputbox.default</image></param>
						</theme>
						<theme name="label-unbanned-monster" ref="label-monster-slot" allowWildcard="true">
							<param name="background"><image>ui-inputbox.grey</image></param>
						</theme>
						<theme name="label-banned-monster" ref="label-monster-slot" allowWildcard="true">
							<param name="background"><image>ui-inputbox.red</image></param>
						</theme>
						<theme name="label-suspect-testing-monster" ref="label-monster-slot" allowWildcard="true">
							<param name="background"><image>ui-inputbox.yellow</image></param>
						</theme>
				</theme>

				<theme name="info-layout" ref="dialoglayout">
					<param name="border"><border>10,10,10,10</border></param>
					<param name="defaultGap"><dimension>5,5</dimension></param>
					<param name="smallGap"><dimension>8,8</dimension></param>
					<param name="mediumGap"><dimension>10,10</dimension></param>
					<param name="largeGap"><dimension>15,15</dimension></param>
					<param name="namedGaps"><map/></param>

					<theme name="button" ref="button">
						<param name="minWidth"><int>102</int></param>
						<param name="minHeight"><int>30</int></param>
					</theme>
					<theme name="togglebutton" ref="togglebutton">
						<param name="minWidth"><int>102</int></param>
						<param name="minHeight"><int>30</int></param>
					</theme>
					<theme name="label-type" ref="label" allowWildcard="true">
						<param name="background"><image>ui-table-header.background</image></param>
						<param name="border"><border>6</border></param>
						<param name="minWidth"><int>120</int></param>
						<param name="textAlignment"><enum type="alignment">CENTER</enum></param>
					</theme>
					<theme name="label-desc" ref="label" allowWildcard="true">
						<param name="background"><image>ui-table-row.background</image></param>
						<param name="border"><border>6</border></param>
						<param name="minWidth"><int>310</int></param>
						<param name="maxWidth"><int>32767</int></param>
					</theme>
					<theme name="label-banned-monster" ref="label" allowWildcard="true">
						<param name="background"><image>ui-inputbox.red</image></param>
						<param name="border"><border>6</border></param>
						<param name="minWidth"><int>310</int></param>
					</theme>
					<theme name="label-suspect-testing-monster" ref="label" allowWildcard="true">
						<param name="background"><image>ui-inputbox.yellow</image></param>
						<param name="border"><border>6</border></param>
						<param name="minWidth"><int>310</int></param>
					</theme>
					<theme name="label-banned-title" ref="button" allowWildcard="true">
						<param name="background"><image>ui-table-header.background</image></param>
						<param name="font"><font>title-font</font></param>
						<param name="border"><border>8,12,8,8</border></param>
						<param name="minWidth"><int>306</int></param>
						<param name="textAlignment"><enum type="alignment">LEFT</enum></param>
					</theme>
				</theme>
			</theme>
			<param name="inputMap"><inputMapDef>
				<action name="nextTab">CTRL TAB</action>
				<action name="prevTab">CTRL SHIFT TAB</action>
			</inputMapDef></param>
		</theme>
	</theme>

	<theme name="tier-tabbed-pane" ref="base-tabbed-pane">
		<param name="tabPosition"><enum type="tabposition">TOP</enum></param>
		<theme name="tabbox" ref="tabbox">
			<param name="spacing"><int>5</int></param>
			<param name="alignment"><enum type="alignment">FILL</enum></param>
			<theme name="tabbutton" ref="tabbutton">
				<param name=""><image>ui-tab.*</image></param>
				<param name="textAlignment"><enum type="alignment">LEFT</enum></param>
			</theme>
		</theme>
		<theme name="container" ref="container">
			<param name="border"><border>5,5,8,5</border></param>
			<param name="minWidth"><int>480</int></param>
			<theme name="dialoglayout" ref="dialoglayout">
				<param name="defaultGap"><dimension>6,0</dimension></param>
				<param name="smallGap"><dimension>8,8</dimension></param>
				<param name="mediumGap"><dimension>10,10</dimension></param>
				<param name="largeGap"><dimension>15,15</dimension></param>
				<param name="border"><border>2</border></param>

				<theme name="label-leaderboard-updated-time" ref="label" allowWildcard="true">
					<param name="font"><font>pb-dark</font></param>
				</theme>
			</theme>
		</theme>
	</theme>

	<theme name="stats">
		<param name="background"><image>none</image></param>
		<param name="overlay"><image>none</image></param>
		<theme name="hscrollbar" ref="hscrollbar"/>  <!-- not used -->
		<theme name="vscrollbar" ref="vscrollbar-white"/>
		<param name="border"><border>0</border></param>
		<param name="minWidth"><int>100</int></param>
		<param name="minHeight"><int>100</int></param>
		<param name="maxWidth"><int>32767</int></param>
		<param name="maxHeight"><int>32767</int></param>
		<param name="hasDragButton"><bool>false</bool></param>
		<param name="autoScrollArea"><int>5</int></param>
		<param name="autoScrollSpeed"><int>10</int></param>
		<param name="scrollbarsAlwaysVisible"><bool>false</bool></param>

		<!-- Loading Label -->
		<theme name="label" ref="label" allowWildcard="true">
			<param name="textAlignment"><enum type="alignment">left</enum></param>
			<param name="border"><border>6</border></param>
			<param name="minWidth"><int>200</int></param>
		</theme>

		<theme name="dialoglayout" ref="-defaults">
			<param name="background"><image>none</image></param>
			<param name="border"><border>0,0,0,8</border></param>
			<param name="defaultGap"><dimension>3,3</dimension></param>
			<param name="smallGap"><dimension>8,8</dimension></param>
			<param name="mediumGap"><dimension>10,10</dimension></param>
			<param name="largeGap"><dimension>15,15</dimension></param>
			<param name="namedGaps"><map/></param>
			<param name="minWidth"><int>525</int></param>
			<param name="maxWidth"><int>32767</int></param>
			<theme name="button" ref="button" allowWildcard="true">
				<param name="minWidth"><int>20</int></param>
				<param name="width"><int>20</int></param>
				<param name="border"><border>5,0</border></param>
			</theme>

			<theme name="label-game-mode" ref="button" allowWildcard="true">
				<param name="background"><image>ui-table-header.background</image></param>
				<param name="font"><font>pb-dark</font></param>
				<param name="border"><border>6</border></param>
				<param name="maxWidth"><int>32767</int></param>
				<param name="textAlignment"><enum type="alignment">CENTER</enum></param>
			</theme>
			<theme name="signup-combobox" ref="combobox">
				<param name="minWidth"><int>197</int></param>
				<param name="maxWidth"><int>197</int></param>
				<param name="minHeight"><int>48</int></param>
			</theme>
			<theme name="label-monster-slot" ref="label" allowWildcard="true">
				<param name="background"><image>ui-inputbox.default</image></param>
			</theme>
			<theme name="label-unbanned-monster" ref="label-monster-slot" allowWildcard="true">
				<param name="background"><image>ui-inputbox.grey</image></param>
			</theme>
			<theme name="label-banned-monster" ref="label-monster-slot" allowWildcard="true">
				<param name="background"><image>ui-inputbox.red</image></param>
			</theme>
			<theme name="label-suspect-testing-monster" ref="label-monster-slot" allowWildcard="true">
				<param name="background"><image>ui-inputbox.yellow</image></param>
			</theme>

			<theme name="label-value-stat" ref="label" allowWildcard="true">
				<param name="background"><image>ui-table-row.background</image></param>
				<param name="textAlignment"><enum type="alignment">left</enum></param>
				<param name="border"><border>6</border></param>
				<param name="minWidth"><int>70</int></param>
			</theme>
			<theme name="label-title-stat" ref="label" allowWildcard="true">
				<param name="background"><image>ui-header.background</image></param>
				<param name="textAlignment"><enum type="alignment">CENTER</enum></param>
				<param name="border"><border>6</border></param>
				<param name="minWidth"><int>70</int></param>
			</theme>

			<theme name="label-value-small" ref="label" allowWildcard="true">
				<param name="background"><image>ui-table-row.background</image></param>
				<param name="textAlignment"><enum type="alignment">left</enum></param>
				<param name="border"><border>6</border></param>
				<param name="minWidth"><int>200</int></param>
			</theme>
			<theme name="label-title-small" ref="label" allowWildcard="true">
				<param name="background"><image>ui-header.background</image></param>
				<param name="textAlignment"><enum type="alignment">left</enum></param>
				<param name="border"><border>6</border></param>
				<param name="minWidth"><int>200</int></param>
			</theme>
			<theme name="label-title-small2" ref="label" allowWildcard="true">
				<param name="background"><image>ui-header.background</image></param>
				<param name="textAlignment"><enum type="alignment">left</enum></param>
				<param name="border"><border>6</border></param>
				<param name="minWidth"><int>200</int></param>
			</theme>
			<theme name="label-value-small2" ref="label" allowWildcard="true">
				<param name="background"><image>ui-table-row.background</image></param>
				<param name="textAlignment"><enum type="alignment">left</enum></param>
				<param name="border"><border>6</border></param>
				<param name="minWidth"><int>200</int></param>
			</theme>
			<theme name="label-value-smallest" ref="label" allowWildcard="true">
				<param name="background"><image>ui-table-row.background</image></param>
				<param name="textAlignment"><enum type="alignment">CENTER</enum></param>
				<param name="border"><border>1</border></param>
				<param name="minWidth"><int>61</int></param>
			</theme>
			<theme name="label-name" ref="label" allowWildcard="true">
				<param name="background"><image>ui-header.background</image></param>
				<param name="border"><border>6</border></param>
				<param name="minWidth"><int>190</int></param>
				<param name="maxWidth"><int>32767</int></param>
				<param name="textAlignment"><enum type="alignment">CENTER</enum></param>
			</theme>
			<theme name="label-name-value" ref="label" allowWildcard="true">
				<param name="background"><image>ui-table-row.background</image></param>
				<param name="border"><border>0,9,0,0</border></param>
				<param name="minWidth"><int>190</int></param>
				<param name="maxWidth"><int>32767</int></param>
			</theme>
			<theme name="label-name-value-button" ref="label" allowWildcard="true">
				<param name=""><image>ui-button.*</image></param>
				<param name="border"><border>6</border></param>
				<param name="minWidth"><int>190</int></param>
			</theme>
			<theme name="label-name-spectate-value-button" ref="label" allowWildcard="true">
				<param name=""><image>ui-button.*</image></param>
				<param name="border"><border>6</border></param>
				<param name="minWidth"><int>110</int></param>
			</theme>
			<theme name="label-name-icon-value" ref="label" allowWildcard="true">
				<param name="background"><image>ui-table-row.background</image></param>
				<param name="border"><border>6</border></param>
				<param name="minWidth"><int>153</int></param>
			</theme>
			<theme name="label-title" ref="label" allowWildcard="true">
				<param name="background"><image>ui-header.background</image></param>
				<param name="border"><border>6</border></param>
				<param name="minWidth"><int>160</int></param>
				<param name="textAlignment"><enum type="alignment">CENTER</enum></param>
			</theme>
			<theme name="label-battle" ref="label" allowWildcard="true">
				<param name="background"><image>ui-header.background</image></param>
				<param name="border"><border>6</border></param>
				<param name="minWidth"><int>302</int></param>
				<param name="textAlignment"><enum type="alignment">CENTER</enum></param>
			</theme>

			<theme name="label-winloss" ref="label" allowWildcard="true">
				<param name="background"><image>ui-header.background</image></param>
				<param name="border"><border>6</border></param>
				<param name="minWidth"><int>80</int></param>
				<param name="textAlignment"><enum type="alignment">CENTER</enum></param>
			</theme>
			<theme name="label-winloss-value" ref="label" allowWildcard="true">
				<param name="background"><image>ui-inputbox.background</image></param>
				<param name="textAlignment"><enum type="alignment">CENTER</enum></param>
				<param name="border"><border>1</border></param>
				<param name="minWidth"><int>80</int></param>
			</theme>

			<theme name="label-winpercent" ref="label" allowWildcard="true">
				<param name="background"><image>ui-header.background</image></param>
				<param name="border"><border>6</border></param>
				<param name="minWidth"><int>70</int></param>
				<param name="textAlignment"><enum type="alignment">CENTER</enum></param>
			</theme>
			<theme name="label-winpercent-value" ref="label" allowWildcard="true">
        <param name="background">
          <image>ui-inputbox.background</image>
        </param>
        <param name="textAlignment">
          <enum type="alignment">CENTER</enum>
        </param>
        <param name="border">
          <border>1</border>
        </param>
        <param name="minWidth">
          <int>70</int>
        </param>
      </theme>

			<theme name="label-tier" ref="label" allowWildcard="true">
				<param name="background"><image>ui-header.background</image></param>
				<param name="border"><border>6</border></param>
				<param name="minWidth"><int>45</int></param>
				<param name="textAlignment"><enum type="alignment">CENTER</enum></param>
			</theme>
			<theme name="label-tier-value" ref="label" allowWildcard="true">
				<param name="background"><image>ui-table-row.background</image></param>
				<param name="border"><border>6</border></param>
				<param name="minWidth"><int>45</int></param>
				<param name="textAlignment"><enum type="alignment">CENTER</enum></param>
			</theme>

			<theme name="label-rating" ref="label" allowWildcard="true">
				<param name="background"><image>ui-header.background</image></param>
				<param name="border"><border>6</border></param>
				<param name="minWidth"><int>55</int></param>
				<param name="textAlignment"><enum type="alignment">CENTER</enum></param>
			</theme>
			<theme name="label-rating-value" ref="label" allowWildcard="true">
				<param name="background"><image>ui-table-row.background</image></param>
				<param name="border"><border>6</border></param>
				<param name="minWidth"><int>55</int></param>
				<param name="textAlignment"><enum type="alignment">CENTER</enum></param>
			</theme>

			<theme name="label-duration" ref="label" allowWildcard="true">
				<param name="background"><image>ui-header.background</image></param>
				<param name="border"><border>6</border></param>
				<param name="minWidth"><int>85</int></param>
				<param name="textAlignment"><enum type="alignment">CENTER</enum></param>
			</theme>
			<theme name="label-duration-value" ref="label" allowWildcard="true">
				<param name="background"><image>ui-table-row.background</image></param>
				<param name="border"><border>6</border></param>
				<param name="minWidth"><int>85</int></param>
				<param name="textAlignment"><enum type="alignment">CENTER</enum></param>
			</theme>

			<theme name="label-vs" ref="label" allowWildcard="true">
				<param name="background"><image>ui-header.background</image></param>
				<param name="border"><border>6</border></param>
				<param name="minWidth"><int>29</int></param>
			</theme>
			<theme name="label-vs-value" ref="label" allowWildcard="true">
				<param name="background"><image>ui-header.background</image></param>
				<param name="border"><border>0,0,0,1</border></param>
				<param name="minWidth"><int>28</int></param>
				<param name="textAlignment"><enum type="alignment">CENTER</enum></param>
			</theme>

			<theme name="label-rank" ref="label" allowWildcard="true">
				<param name="background"><image>ui-header.background</image></param>
				<param name="border"><border>6</border></param>
				<param name="minWidth"><int>88</int></param>
				<param name="textAlignment"><enum type="alignment">CENTER</enum></param>
			</theme>

			<theme name="label-rank-value" ref="label" allowWildcard="true">
				<param name="background"><image>ui-header.background</image></param>
				<param name="border"><border>6</border></param>
				<param name="minWidth"><int>61</int></param>
				<param name="textAlignment"><enum type="alignment">CENTER</enum></param>
			</theme>

			<theme name="label-title-smallest" ref="label" allowWildcard="true">
				<param name="background"><image>ui-header.background</image></param>
				<param name="border"><border>6</border></param>
				<param name="minWidth"><int>61</int></param>
				<param name="textAlignment"><enum type="alignment">CENTER</enum></param>
			</theme>

			<theme name="label-title-icon" ref="label" allowWildcard="true">
				<param name="background"><image>ui-header.background</image></param>
				<param name="border"><border>6</border></param>
				<param name="minWidth"><int>24</int></param>
			</theme>

			<theme name="label-value-icon" ref="label" allowWildcard="true">
				<param name="background"><image>none</image></param>
				<param name="border"><border>6</border></param>
				<param name="minWidth"><int>24</int></param>
			</theme>

			<theme name="label-value-large" ref="label" allowWildcard="true">
				<param name="background"><image>ui-table-row.background</image></param>
				<param name="border"><border>6</border></param>
				<param name="minWidth"><int>380</int></param>
			</theme>
		</theme>
	</theme>

	<theme name="stats-layout" ref="dialoglayout" allowWildcard="true">
		<param name="border"><border>10,10,10,10</border></param>
		<param name="background"><image>ui-inputbox.default</image></param>

		<theme name="label-mmr" ref="label" allowWildcard="true">
			<param name="background"><image>ui-table-header.background</image></param>
			<param name="font"><font>pb-dark</font></param>
			<param name="border"><border>0,50,0,0</border></param>
			<param name="minWidth"><int>190</int></param>
			<param name="minHeight"><int>141</int></param>
			<param name="textAlignment"><enum type="alignment">CENTER</enum></param>
		</theme>
		<theme name="label-title" ref="label" allowWildcard="true">
			<param name="background"><image>ui-table-header.background</image></param>
			<param name="border"><border>8</border></param>
			<param name="minWidth"><int>90</int></param>
			<param name="textAlignment"><enum type="alignment">CENTER</enum></param>
		</theme>
		<theme name="label" ref="label" allowWildcard="true">
			<param name="background"><image>ui-table-row.background</image></param>
			<param name="border"><border>8</border></param>
			<param name="minWidth"><int>150</int></param>
			<param name="textAlignment"><enum type="alignment">LEFT</enum></param>
		</theme>
		<theme name="label-stats" ref="label" allowWildcard="true">
			<param name="background"><image>ui-table-row.background</image></param>
			<param name="border"><border>6</border></param>
			<param name="minWidth"><int>80</int></param>
			<param name="textAlignment"><enum type="alignment">CENTER</enum></param>
		</theme>
	</theme>

	<theme name="game-mode" ref="dialoglayout" allowWildcard="true">
		<param name="border"><border>10,10,10,10</border></param>
		<param name="background"><image>ui-inputbox.default</image></param>

		<theme name="label-game-mode" ref="button" allowWildcard="true">
			<param name="background"><image>ui-table-header.background</image></param>
			<param name="font"><font>title-font</font></param>
			<param name="border"><border>6</border></param>
			<param name="minWidth"><int>302</int></param>
			<param name="textAlignment"><enum type="alignment">CENTER</enum></param>
		</theme>
		<theme name="label-time" ref="label" allowWildcard="true">
			<param name="textAlignment"><enum type="alignment">LEFT</enum></param>
			<param name="border"><border>5</border></param>
		</theme>
		<theme name="label-time-tournament" ref="label" allowWildcard="true">
			<param name="textAlignment"><enum type="alignment">CENTER</enum></param>
		</theme>
		<theme name="label-tournament-name" ref="button" allowWildcard="true">
			<param name="background"><image>ui-table-header.background</image></param>
			<param name="font"><font>title-font</font></param>
			<param name="border"><border>6</border></param>
			<param name="minWidth"><int>225</int></param>
			<param name="textAlignment"><enum type="alignment">CENTER</enum></param>
		</theme>

		<theme name="label-queue-positions" ref="label" allowWildcard="true">
			<param name="minHeight"><int>35</int></param>
			<param name="textAlignment"><enum type="alignment">CENTER</enum></param>
		</theme>

		<theme name="buttondouble" ref="button">
			<param name="minWidth"><int>156</int></param>
			<param name="maxWidth"><int>156</int></param>
			<param name="minHeight"><int>30</int></param>
		</theme>
		<theme name="progressbar" ref="-defaults" allowWildcard="true">
			<param name=""><image>mi-xpbar.*</image></param>
			<param name="border"><border>background.border</border></param>
			<param name="minWidth"><int>100</int></param>
			<param name="minHeight"><int>9</int></param>
			<param name="textAlignment"><enum type="alignment">CENTER</enum></param>
		</theme>
		<theme name="label-animation" ref="label" allowWildcard="true">
			<param name="minWidth"><int>64</int></param>
			<param name="minHeight"><int>64</int></param>
			<param name="textAlignment"><enum type="alignment">BOTTOM</enum></param>
		</theme>
		<theme name="signup-combobox" ref="combobox">
			<param name="minWidth"><int>197</int></param>
			<param name="maxWidth"><int>197</int></param>
		</theme>

		<theme name="label-desc" ref="label" allowWildcard="true">
			<param name="background"><image>ui-inputbox.default</image></param>
			<param name="border"><border>6</border></param>
			<param name="minWidth"><int>310</int></param>
		</theme>

		<theme name="label-monster-slot" ref="label-desc" allowWildcard="true">
			<param name="background"><image>ui-inputbox.default</image></param>
		</theme>
		<theme name="label-unbanned-monster" ref="label-monster-slot" allowWildcard="true">
			<param name="background"><image>ui-inputbox.grey</image></param>
		</theme>
		<theme name="label-banned-monster" ref="label-monster-slot" allowWildcard="true">
			<param name="background"><image>ui-inputbox.red</image></param>
		</theme>
		<theme name="label-suspect-testing-monster" ref="label-monster-slot" allowWildcard="true">
			<param name="background"><image>ui-inputbox.yellow</image></param>
		</theme>
	</theme>

	<theme name="tournament-signup" ref="game-mode" allowWildcard="true">
		<param name="border"><border>10,10,10,10</border></param>
		<param name="background"><image>ui-inputbox.default</image></param>
		<param name="minHeight"><int>250</int></param>
		<param name="minWidth"><int>580</int></param>

		<theme name="label-game-mode" ref="button" allowWildcard="true">
			<param name="background"><image>ui-table-header.background</image></param>
			<param name="font"><font>pb-dark</font></param>
			<param name="border"><border>6</border></param>
			<param name="maxWidth"><int>32767</int></param>
			<param name="textAlignment"><enum type="alignment">CENTER</enum></param>
		</theme>
	</theme>


	<!-- MM Rental -->
	<theme name="mm-rental-window" ref="base-frame">
		<theme name="dialoglayout" ref="-defaults">
			<theme name="pc-slot" ref="-defaults">
				<param name="background"><image>inventory-slot</image></param>
				<param name="minWidth"><int>32</int></param>
				<param name="minHeight"><int>32</int></param>
				<theme name="label-dark" ref="label" allowWildcard="true">
					<param name="font"><font>alphabeta</font></param>
					<param name="border"><border>2,24,0,0</border></param>
					<param name="textAlignment"><enum type="alignment">CENTER</enum></param>
				</theme>
			</theme>

			<param name="defaultGap"><dimension>5,5</dimension></param>
			<param name="smallGap"><dimension>8,8</dimension></param>
			<param name="mediumGap"><dimension>10,10</dimension></param>
			<param name="largeGap"><dimension>15,15</dimension></param>
			<param name="defaultGap"><dimension>5,5</dimension></param>
			<param name="namedGaps"><map/></param>
			<theme name="progressbar-blue" ref="-defaults" allowWildcard="true">
				<param name=""><image>mi-xpbar.*</image></param>
				<param name="border"><border>0,0,0,0</border></param>
				<param name="minWidth"><int>200</int></param>
				<param name="minHeight"><int>8</int></param>
				<param name="maxHeight"><int>8</int></param>
				<param name="textAlignment"><enum type="alignment">CENTER</enum></param>
			</theme>
			<theme name="progressbar-green" ref="-defaults" allowWildcard="true">
				<param name=""><image>mi-hpbar-green.*</image></param>
				<param name="border"><border>0,0,0,0</border></param>
				<param name="minWidth"><int>200</int></param>
				<param name="minHeight"><int>8</int></param>
				<param name="maxHeight"><int>8</int></param>
				<param name="textAlignment"><enum type="alignment">CENTER</enum></param>
			</theme>
			<theme name="togglebutton" ref="togglebutton" allowWildcard="true">
				<param name="border"><border>0,0,0,0</border></param>
				<param name="minWidth"><int>160</int></param>
				<param name="textAlignment"><enum type="alignment">CENTER</enum></param>
			</theme>
			<theme name="scrollpane" ref="scrollpane" allowWildcard="true">
				<theme name="vscrollbar" ref="vscrollbar-white"/>
			</theme>
		</theme>
		<param name="border"><border>38,12,4,12</border></param>
		<theme name="tabbedpane" ref="-defaults">
			<param name="minWidth"><int>100</int></param>
			<param name="background"><image>none</image></param>
			<param name="border"><border>0,0,0,0</border></param>
			<theme name="tabbox" ref="-defaults">
				<theme name="tabbutton" ref="togglebutton">
					<param name=""><image>button-tiny-blue.*</image></param>
				</theme>
				<param name="border"><border>0,0,0,0</border></param>
				<param name="spacing"><int>2</int></param>
				<param name="alignment"><enum type="alignment">FILL</enum></param>
			</theme>
			<theme name="container" ref="-defaults">
				<param name="border"><border>7,0,0,0</border></param>
				 <theme name="dialoglayout" ref="-defaults">
					<param name="background"><image>none</image></param>
					<param name="border"><border>2</border></param>
					<param name="defaultGap"><dimension>5,5</dimension></param>
					<param name="smallGap"><dimension>8,8</dimension></param>
					<param name="mediumGap"><dimension>10,10</dimension></param>
					<param name="largeGap"><dimension>15,15</dimension></param>
					<param name="namedGaps"><map/></param>
					<theme name="scrollpane" ref="scrollpane" allowWildcard="true">
						<theme name="vscrollbar" ref="vscrollbar-white"/>
					</theme>
					<theme name="signup-combobox" ref="combobox">
						<param name="minWidth"><int>197</int></param>
						<param name="maxWidth"><int>197</int></param>
					</theme>
				</theme>
			</theme>
			<param name="inputMap"><inputMapDef>
				<action name="nextTab">CTRL TAB</action>
				<action name="prevTab">CTRL SHIFT TAB</action>
			</inputMapDef></param>
		</theme>
	</theme>

	<!-- You might think this is wasteful, but we're working around a bug with the UI framework :) -->
	<theme name="reward-slot" ref="-defaults" allowWildcard="true">
		<param name="minWidth"><int>48</int></param>
		<param name="minHeight"><int>48</int></param>
		<param name="background"><image>ui-inputbox.default</image></param>
		<param name="font"><font>pb-dark</font></param>
		<param name="border"><border>6,0,3,0</border></param>
		<param name="textAlignment"><enum type="alignment">BOTTOM</enum></param>
	</theme>
	<theme name="reward-slot-complete" ref="-defaults" allowWildcard="true">
		<param name="minWidth"><int>48</int></param>
		<param name="minHeight"><int>48</int></param>
		<param name="background"><image>ui-inputbox.green</image></param>
		<param name="font"><font>pb-dark</font></param>
		<param name="border"><border>6,0,3,0</border></param>
		<param name="textAlignment"><enum type="alignment">BOTTOM</enum></param>
	</theme>
	<theme name="reward-slot-inprogress" ref="-defaults" allowWildcard="true">
		<param name="minWidth"><int>48</int></param>
		<param name="minHeight"><int>48</int></param>
		<param name="background"><image>ui-inputbox.yellow</image></param>
		<param name="font"><font>pb-dark</font></param>
		<param name="border"><border>6,0,3,0</border></param>
		<param name="textAlignment"><enum type="alignment">BOTTOM</enum></param>
	</theme>

	<theme name="label-time" ref="label" allowWildcard="true">
		<param name="textAlignment"><enum type="alignment">RIGHT</enum></param>
		<param name="border"><border>6</border></param>
	</theme>

  <theme name="instance-matchmaking-frame" ref="base-frame">
    <param name="background"><image>ui-inner-frame-tab.background</image></param>
    <param name="border"><border>30,18,6,6</border></param>
    <param name="minWidth"><int>705</int></param>
    <param name="minHeight"><int>430</int></param>

    <theme name="label" ref="label" allowWildcard="true">
      <param name="textAlignment">
        <enum type="alignment">LEFT</enum>
      </param>
      <param name="border">
        <border>4,8,4,8</border>
      </param>
    </theme>

    <theme name="button" ref="button" allowWildcard="true">
      <param name="minWidth">
        <int>150</int>
      </param>
      <param name="minHeight">
        <int>50</int>
      </param>
    </theme>
  </theme>

  <!-- MM Frame -->
  <theme name="matchmaking-stats-frame" ref="base-frame">
    <param name="background">
      <image>ui-inner-frame-tab.background</image>
    </param>
    <param name="border">
      <border>20,18,6,6</border>
    </param>
    <param name="minWidth">
      <int>790</int>
    </param>
    <param name="minHeight">
      <int>500</int>
    </param>

    <theme name="tabbedpane" ref="base-tabbed-pane">
      <param name="tabPosition">
        <enum type="tabposition">LEFT</enum>
      </param>
      <param name="background">
        <image>none</image>
      </param>
      <param name="border">
        <border>0,0,0,0</border>
      </param>
      <theme name="tabbox" ref="tabbox">
        <param name="border">
          <border>30,10,0,20</border>
        </param>
        <param name="spacing">
          <int>5</int>
        </param>
        <param name="alignment">
          <enum type="alignment">FILL</enum>
        </param>
        <theme name="tabbutton" ref="togglebutton">
          <param name="border">
            <border>5,0,5,10</border>
          </param>
          <param name="">
            <image>ui-tab-vertical.*</image>
          </param>
          <param name="font">
            <font>pb-tab</font>
          </param>
          <param name="textAlignment">
            <enum type="alignment">LEFT</enum>
          </param>
        </theme>
      </theme>
      <theme name="container" ref="container">
        <param name="border">
          <border>22,0,0,0</border>
        </param>

        <param name="minWidth">
          <int>500</int>
        </param>

        <theme name="scrollpane" ref="scrollpane" allowWildcard="true">
          <theme name="vscrollbar" ref="vscrollbar-white"/>
          <param name="scrollbarsAlwaysVisible">
            <bool>true</bool>
          </param>
          <param name="minWidth">
            <int>640</int>
          </param>
          <param name="minHeight">
            <int>400</int>
          </param>

        </theme>

        <param name="inputMap">
          <inputMapDef>
            <action name="nextTab">CTRL TAB</action>
            <action name="prevTab">CTRL SHIFT TAB</action>
          </inputMapDef>
        </param>
      </theme>
    </theme>

    <theme name="label-time" ref="label" allowWildcard="true">
      <param name="textAlignment">
        <enum type="alignment">LEFT</enum>
      </param>
      <param name="border">
        <border>5</border>
      </param>
    </theme>

    <theme name="label-winpercent" ref="label" allowWildcard="true">
      <param name="background">
        <image>ui-header.background</image>
      </param>
      <param name="border">
        <border>6</border>
      </param>
      <param name="minWidth">
        <int>70</int>
      </param>
      <param name="textAlignment">
        <enum type="alignment">CENTER</enum>
      </param>
    </theme>
    <theme name="label-winpercent-value" ref="label" allowWildcard="true">
      <param name="background">
        <image>ui-inputbox.background</image>
      </param>
      <param name="textAlignment">
        <enum type="alignment">CENTER</enum>
      </param>
      <param name="border">
        <border>1</border>
      </param>
      <param name="minWidth">
        <int>70</int>
      </param>
      <param name="minHeight">
        <int>30</int>
      </param>
    </theme>

    <theme name="label-title-monster-sprite" ref="label" allowWildcard="true">
      <param name="background">
        <image>ui-header.background</image>
      </param>
      <param name="border">
        <border>6</border>
      </param>
      <param name="minWidth">
        <int>32</int>
      </param>
      <param name="minHeight">
        <int>30</int>
      </param>
    </theme>

    <theme name="label-name-tiering-overview" ref="label" allowWildcard="true">
      <param name="background">
        <image>ui-header.background</image>
      </param>
      <param name="border">
        <border>6</border>
      </param>
      <param name="minWidth">
        <int>210</int>
      </param>
      <param name="maxWidth">
        <int>32767</int>
      </param>
    </theme>
    <theme name="label-name-tiering-overview-button" ref="label" allowWildcard="true">
      <param name="">
        <image>ui-button.*</image>
      </param>
      <param name="border">
        <border>6,12,6,0</border>
      </param>
      <param name="minWidth">
        <int>210</int>
      </param>
      <param name="maxWidth">
        <int>32767</int>
      </param>
    </theme>
    <theme name="label-name-tiering-overview-label" ref="label" allowWildcard="true">
      <param name="background">
        <image>ui-inputbox.background</image>
      </param>
      <param name="border">
        <border>6,12,6,0</border>
      </param>
      <param name="minWidth">
        <int>210</int>
      </param>
      <param name="maxWidth">
        <int>32767</int>
      </param>
    </theme>

    <theme name="label-name-monster-tiering-button" ref="label" allowWildcard="true">
      <param name="">
        <image>ui-button.*</image>
      </param>
      <param name="border">
        <border>6,10,6,0</border>
      </param>
      <param name="minWidth">
        <int>200</int>
      </param>
    </theme>

    <theme name="label-name-monster-tiering" ref="label" allowWildcard="true">
      <param name="border">
        <border>6,10,6,0</border>
      </param>
      <param name="minWidth">
        <int>200</int>
      </param>
    </theme>

    <theme name="label-tiering-updated-time" ref="label" allowWildcard="true">
      <param name="textAlignment">
        <enum type="alignment">RIGHT</enum>
      </param>
    </theme>

    <theme name="label-monster-slot" ref="label" allowWildcard="true">
      <param name="background">
        <image>ui-inputbox.default</image>
      </param>
    </theme>
    <theme name="label-unbanned-monster" ref="label-monster-slot" allowWildcard="true">
      <param name="background">
        <image>ui-inputbox.grey</image>
      </param>
    </theme>
    <theme name="label-banned-monster" ref="label-monster-slot" allowWildcard="true">
      <param name="background">
        <image>ui-inputbox.red</image>
      </param>
    </theme>
    <theme name="label-suspect-testing-monster" ref="label-monster-slot" allowWildcard="true">
      <param name="background">
        <image>ui-inputbox.yellow</image>
      </param>
    </theme>
    <theme name="label-name-monster-tiering-value" ref="label" allowWildcard="true">
      <param name="background">
        <image>ui-table-row.background</image>
      </param>
      <param name="border">
        <border>6,10,6,6</border>
      </param>
      <param name="minWidth">
        <int>190</int>
      </param>
    </theme>
    <theme name="label-hidden-ability" ref="label-name-monster-tiering-value" allowWildcard="true">
      <param name="font">
        <font>alphabeta-yellow</font>
      </param>
    </theme>
  </theme>
</themes>
