<?xml version="1.0" encoding="UTF-8"?>
<themes>
	<!-- Trade Frame -->
	<theme name="trade-frame" ref="base-frame">
		<theme name="dialoglayout" ref="dialoglayout">
			<param name="border"><border>45,5,5,5</border></param>
			<param name="defaultGap"><dimension>5,5</dimension></param>
			<param name="smallGap"><dimension>8,8</dimension></param>
			<param name="mediumGap"><dimension>10,10</dimension></param>
			<param name="largeGap"><dimension>15,15</dimension></param>
			<param name="namedGaps"><map/></param>
			<theme name="label" ref="label" allowWildcard="true">
				<param name="textAlignment"><enum type="alignment">CENTER</enum></param>
				<param name="minWidth"><int>250</int></param>
			</theme>
			<theme name="dialoglayout" ref="-defaults">
				<param name="background"><image>ui-header.background</image></param>
				<param name="border"><border>8,1</border></param>
				<param name="defaultGap"><dimension>5,5</dimension></param>
				<param name="smallGap"><dimension>8,8</dimension></param>
				<param name="mediumGap"><dimension>10,10</dimension></param>
				<param name="largeGap"><dimension>15,15</dimension></param>
				<param name="namedGaps"><map/></param>
				<theme name="pokeframe" ref="-defaults">
					<param name="border"><border>4</border></param>
					<param name="defaultGap"><dimension>5,5</dimension></param>
					<param name="smallGap"><dimension>8,8</dimension></param>
					<param name="mediumGap"><dimension>10,10</dimension></param>
					<param name="largeGap"><dimension>15,15</dimension></param>
					<param name="namedGaps"><map/></param>
					<theme name="partyslot" ref="-defaults">
						<param name="background"><image>ui-button.background</image></param>
						<param name="border"><border>8</border></param>
						<param name="defaultGap"><dimension>5,5</dimension></param>
						<param name="smallGap"><dimension>8,8</dimension></param>
						<param name="mediumGap"><dimension>10,10</dimension></param>
						<param name="largeGap"><dimension>15,15</dimension></param>
						<param name="namedGaps"><map/></param>
						
						<theme name="label" ref="label" allowWildcard="true">
							<param name="font"><font>pb-dark</font></param>
							<param name="textAlignment"><enum type="alignment">CENTER</enum></param>
						</theme>
					</theme>
					<theme name="item-slot" ref="-defaults">
						<param name="minWidth"><int>70</int></param>
						<param name="minHeight"><int>32</int></param>
						<param name="background"><image>ui-button.background</image></param>
						<param name="border"><border>8</border></param>
						<param name="defaultGap"><dimension>5,5</dimension></param>
						<param name="smallGap"><dimension>8,8</dimension></param>
						<param name="mediumGap"><dimension>10,10</dimension></param>
						<param name="largeGap"><dimension>15,15</dimension></param>
						<param name="namedGaps"><map/></param>
						<param name="textAlignment"><enum type="alignment">RIGHT</enum></param>
						<param name="font"><font>pb-dark</font></param>
						<param name="font2"><font>alphabeta</font></param>
					</theme>
				</theme>
				<theme name="label" ref="label" allowWildcard="true">
					<param name="font"><font>pb-dark</font></param>
					<param name="textAlignment"><enum type="alignment">CENTER</enum></param>
				</theme>
				<theme name="dialoglayout" ref="-defaults">
					<param name="border"><border>5,5</border></param>
					<param name="defaultGap"><dimension>5,5</dimension></param>
					<param name="smallGap"><dimension>8,8</dimension></param>
					<param name="mediumGap"><dimension>10,10</dimension></param>
					<param name="largeGap"><dimension>15,15</dimension></param>
					<param name="namedGaps"><map/></param>
				</theme>
				<theme name="label-horizontal-value" ref="label" allowWildcard="true">
					<param name="background"><image>ui-inputbox.background</image></param>
					<param name="textAlignment"><enum type="alignment">left</enum></param>
					<param name="border"><border>7,5</border></param>
					<param name="maxWidth"><int>100</int></param>
					<param name="minHeight"><int>20</int></param>
					<param name="font"><font>pb-dark</font></param>
				</theme>
				<theme name="valueadjuster-bg" ref="valueadjuster" allowWildcard="true">
					<param name="background"><image>none</image></param>
					<param name="textAlignment"><enum type="alignment">left</enum></param>
					<param name="border"><border>0</border></param>
					<param name="maxWidth"><int>50</int></param>
					<param name="minWidth"><int>50</int></param>
					<param name="font"><font>pb-dark</font></param>
				</theme>
			</theme>
		</theme>
	</theme>
</themes>
